/*
 Navicat Premium Data Transfer

 Source Server         : Studia
 Source Server Type    : MariaDB
 Source Server Version : 100707 (10.7.7-MariaDB)
 Source Host           : 10.9.9.9:3306
 Source Schema         : projekt_pilka_tworzyk_serafin

 Target Server Type    : MariaDB
 Target Server Version : 100707 (10.7.7-MariaDB)
 File Encoding         : 65001

 Date: 27/01/2023 19:19:49
*/

SET NAMES utf8mb4;
SET FOREIGN_KEY_CHECKS = 0;

-- ----------------------------
-- Table structure for Comments
-- ----------------------------
DROP TABLE IF EXISTS `Comments`;
CREATE TABLE `Comments`  (
  `Id_comment` int(10) UNSIGNED NOT NULL AUTO_INCREMENT,
  `Comment` text CHARACTER SET utf8mb3 COLLATE utf8mb3_general_ci NULL DEFAULT NULL,
  `Id_user` int(10) UNSIGNED NULL DEFAULT NULL,
  `Id_response` int(10) UNSIGNED NULL DEFAULT NULL,
  `Id_movie` int(10) UNSIGNED NULL DEFAULT NULL,
  PRIMARY KEY (`Id_comment`) USING BTREE,
  INDEX `Id_user_FK`(`Id_user`) USING BTREE,
  INDEX `id_movie_FK`(`Id_movie`) USING BTREE,
  INDEX `Id_response`(`Id_response`) USING BTREE,
  CONSTRAINT `Comments_ibfk_1` FOREIGN KEY (`Id_response`) REFERENCES `Comments` (`Id_comment`) ON DELETE CASCADE ON UPDATE CASCADE,
  CONSTRAINT `Id_user_FK` FOREIGN KEY (`Id_user`) REFERENCES `Users` (`Id_user`) ON DELETE CASCADE ON UPDATE CASCADE,
  CONSTRAINT `id_movie_FK` FOREIGN KEY (`Id_movie`) REFERENCES `Movies` (`Id_movie`) ON DELETE CASCADE ON UPDATE CASCADE
) ENGINE = InnoDB AUTO_INCREMENT = 8 CHARACTER SET = utf8mb3 COLLATE = utf8mb3_general_ci;

-- ----------------------------
-- Records of Comments
-- ----------------------------
BEGIN;
INSERT INTO `Comments` (`Id_comment`, `Comment`, `Id_user`, `Id_response`, `Id_movie`) VALUES (1, 'Ale ta końcówka? Dajcie spokój', 1, NULL, 3), (2, 'Ja tam lubie jak przez 30 minut patrzą na siebie.', 2, 1, 3), (3, 'To fajnie masz.', 1, 2, 3), (4, 'Nie lubie Quentina Tarantino', 3, NULL, 6), (5, 'XDDD', 4, 4, 6), (6, 'XDDDD', 1, 4, 6);
COMMIT;

-- ----------------------------
-- Table structure for Countries
-- ----------------------------
DROP TABLE IF EXISTS `Countries`;
CREATE TABLE `Countries`  (
  `Id_country` int(10) UNSIGNED NOT NULL AUTO_INCREMENT,
  `Country_Name` varchar(50) CHARACTER SET utf8mb3 COLLATE utf8mb3_general_ci NOT NULL,
  PRIMARY KEY (`Id_country`) USING BTREE,
  UNIQUE INDEX `Name`(`Country_Name`) USING BTREE
) ENGINE = InnoDB AUTO_INCREMENT = 10 CHARACTER SET = utf8mb3 COLLATE = utf8mb3_general_ci;

-- ----------------------------
-- Records of Countries
-- ----------------------------
BEGIN;
INSERT INTO `Countries` (`Id_country`, `Country_Name`) VALUES (3, 'Francja'), (7, 'Kanada'), (5, 'Niemcy'), (8, 'Nowa Zelandia'), (2, 'Polska'), (9, 'test'), (1, 'USA'), (4, 'Wielka Brytania'), (6, 'Włochy');
COMMIT;

-- ----------------------------
-- Table structure for Directors
-- ----------------------------
DROP TABLE IF EXISTS `Directors`;
CREATE TABLE `Directors`  (
  `Id_director` int(10) UNSIGNED NOT NULL AUTO_INCREMENT,
  `Director_Name` varchar(50) CHARACTER SET utf8mb3 COLLATE utf8mb3_general_ci NOT NULL,
  `Director_Surname` varchar(50) CHARACTER SET utf8mb3 COLLATE utf8mb3_general_ci NOT NULL,
  PRIMARY KEY (`Id_director`) USING BTREE
) ENGINE = InnoDB AUTO_INCREMENT = 11 CHARACTER SET = utf8mb3 COLLATE = utf8mb3_general_ci;

-- ----------------------------
-- Records of Directors
-- ----------------------------
BEGIN;
INSERT INTO `Directors` (`Id_director`, `Director_Name`, `Director_Surname`) VALUES (1, 'Peter ', 'Jackson'), (2, 'Frank ', 'Darabont'), (3, 'Francis Ford ', 'Coppola'), (4, 'Quentin ', 'Tarantino'), (5, 'Roman ', 'Polański'), (6, 'Mathieu ', 'Kassovitz'), (7, 'Giacomo ', 'Battiato'), (9, 'Dennis', 'Hopper'), (10, 'test', 'test');
COMMIT;

-- ----------------------------
-- Table structure for Genres
-- ----------------------------
DROP TABLE IF EXISTS `Genres`;
CREATE TABLE `Genres`  (
  `Id_genre` int(10) UNSIGNED NOT NULL AUTO_INCREMENT,
  `Genre_Name` varchar(50) CHARACTER SET utf8mb3 COLLATE utf8mb3_general_ci NOT NULL,
  PRIMARY KEY (`Id_genre`) USING BTREE,
  UNIQUE INDEX `Name`(`Genre_Name`) USING BTREE
) ENGINE = InnoDB AUTO_INCREMENT = 23 CHARACTER SET = utf8mb3 COLLATE = utf8mb3_general_ci;

-- ----------------------------
-- Records of Genres
-- ----------------------------
BEGIN;
INSERT INTO `Genres` (`Id_genre`, `Genre_Name`) VALUES (4, 'Dramat'), (1, 'Film akcji'), (2, 'Film biograficzny'), (3, 'Film dokumentalny'), (5, 'Film fantastyczno-naukowy'), (6, 'Film historyczny'), (9, 'Film muzyczny'), (10, 'Film Noir'), (11, 'Film obyczajowy'), (12, 'Film przygodowy'), (15, 'Film sensacyjny'), (14, 'Film sportowy'), (18, 'Film wojenny'), (7, 'Komedia'), (8, 'Kryminał'), (13, 'Romans'), (22, 'test'), (16, 'Thriller'), (17, 'Western');
COMMIT;

-- ----------------------------
-- Table structure for Invoice_items
-- ----------------------------
DROP TABLE IF EXISTS `Invoice_items`;
CREATE TABLE `Invoice_items`  (
  `Id_rental` int(10) UNSIGNED NOT NULL,
  `Id_invoice` int(10) UNSIGNED NOT NULL,
  `Invoice_item_price_netto` double NULL DEFAULT 0,
  `Invoice_item_price_brutto` double NULL DEFAULT 0,
  PRIMARY KEY (`Id_rental`, `Id_invoice`) USING BTREE
) ENGINE = InnoDB CHARACTER SET = utf8mb3 COLLATE = utf8mb3_general_ci;

-- ----------------------------
-- Records of Invoice_items
-- ----------------------------
BEGIN;
INSERT INTO `Invoice_items` (`Id_rental`, `Id_invoice`, `Invoice_item_price_netto`, `Invoice_item_price_brutto`) VALUES (1, 1, 19.99, 24.59), (2, 1, 19.99, 24.59);
COMMIT;

-- ----------------------------
-- Table structure for Invoices
-- ----------------------------
DROP TABLE IF EXISTS `Invoices`;
CREATE TABLE `Invoices`  (
  `Id_invoice` int(10) UNSIGNED NOT NULL AUTO_INCREMENT,
  `Id_user` int(10) UNSIGNED NULL DEFAULT NULL,
  `Cost_netto` double NULL DEFAULT NULL,
  `Invoice_date` date NULL DEFAULT NULL,
  `Cost_brutto` double NULL DEFAULT NULL,
  `Tax` double NOT NULL DEFAULT 0.23,
  `NIP` varchar(10) CHARACTER SET utf8mb3 COLLATE utf8mb3_general_ci NULL DEFAULT NULL,
  PRIMARY KEY (`Id_invoice`) USING BTREE,
  INDEX `Envoices_ibfk_1`(`Id_user`) USING BTREE,
  CONSTRAINT `Invoices_ibfk_1` FOREIGN KEY (`Id_user`) REFERENCES `Users` (`Id_user`) ON DELETE RESTRICT ON UPDATE RESTRICT
) ENGINE = InnoDB AUTO_INCREMENT = 4 CHARACTER SET = utf8mb3 COLLATE = utf8mb3_general_ci;

-- ----------------------------
-- Records of Invoices
-- ----------------------------
BEGIN;
INSERT INTO `Invoices` (`Id_invoice`, `Id_user`, `Cost_netto`, `Invoice_date`, `Cost_brutto`, `Tax`, `NIP`) VALUES (1, 1, 39.98, '2023-01-17', 49, 0.23, NULL);
COMMIT;

-- ----------------------------
-- Table structure for Languages
-- ----------------------------
DROP TABLE IF EXISTS `Languages`;
CREATE TABLE `Languages`  (
  `Id_language` int(10) UNSIGNED NOT NULL AUTO_INCREMENT,
  `Language_Name` varchar(50) CHARACTER SET utf8mb3 COLLATE utf8mb3_general_ci NULL DEFAULT NULL,
  PRIMARY KEY (`Id_language`) USING BTREE,
  UNIQUE INDEX `Name`(`Language_Name`) USING BTREE
) ENGINE = InnoDB AUTO_INCREMENT = 7 CHARACTER SET = utf8mb3 COLLATE = utf8mb3_general_ci;

-- ----------------------------
-- Records of Languages
-- ----------------------------
BEGIN;
INSERT INTO `Languages` (`Id_language`, `Language_Name`) VALUES (1, 'Angielski'), (4, 'Francuski'), (5, 'Niemiecki'), (2, 'Polski'), (6, 'test'), (3, 'Włoski');
COMMIT;

-- ----------------------------
-- Table structure for Movie_countries
-- ----------------------------
DROP TABLE IF EXISTS `Movie_countries`;
CREATE TABLE `Movie_countries`  (
  `Id_movie` int(10) UNSIGNED NOT NULL,
  `Id_country` int(10) UNSIGNED NOT NULL,
  PRIMARY KEY (`Id_movie`, `Id_country`) USING BTREE,
  INDEX `Id_movie_FK1`(`Id_movie`) USING BTREE,
  INDEX `Id_country_FK1`(`Id_country`) USING BTREE,
  CONSTRAINT `Id_country_FK1` FOREIGN KEY (`Id_country`) REFERENCES `Countries` (`Id_country`) ON DELETE CASCADE ON UPDATE CASCADE,
  CONSTRAINT `Id_movie_FK1` FOREIGN KEY (`Id_movie`) REFERENCES `Movies` (`Id_movie`) ON DELETE CASCADE ON UPDATE CASCADE
) ENGINE = InnoDB CHARACTER SET = utf8mb3 COLLATE = utf8mb3_general_ci;

-- ----------------------------
-- Records of Movie_countries
-- ----------------------------
BEGIN;
INSERT INTO `Movie_countries` (`Id_movie`, `Id_country`) VALUES (1, 1), (1, 8), (2, 1), (2, 8), (3, 1), (3, 8), (4, 1), (5, 1), (6, 1), (7, 2), (7, 3), (7, 4), (7, 5), (8, 3), (9, 1), (10, 2), (10, 3), (10, 5), (10, 6), (10, 7), (39, 1);
COMMIT;

-- ----------------------------
-- Table structure for Movie_directors
-- ----------------------------
DROP TABLE IF EXISTS `Movie_directors`;
CREATE TABLE `Movie_directors`  (
  `Id_movie` int(10) UNSIGNED NOT NULL,
  `Id_director` int(10) UNSIGNED NOT NULL,
  PRIMARY KEY (`Id_movie`, `Id_director`) USING BTREE,
  INDEX `Id_movie_FK4`(`Id_movie`) USING BTREE,
  INDEX `Id_director`(`Id_director`) USING BTREE,
  CONSTRAINT `Id_director` FOREIGN KEY (`Id_director`) REFERENCES `Directors` (`Id_director`) ON DELETE CASCADE ON UPDATE CASCADE,
  CONSTRAINT `Id_movie_FK4` FOREIGN KEY (`Id_movie`) REFERENCES `Movies` (`Id_movie`) ON DELETE CASCADE ON UPDATE CASCADE
) ENGINE = InnoDB CHARACTER SET = utf8mb3 COLLATE = utf8mb3_general_ci;

-- ----------------------------
-- Records of Movie_directors
-- ----------------------------
BEGIN;
INSERT INTO `Movie_directors` (`Id_movie`, `Id_director`) VALUES (1, 1), (2, 1), (3, 1), (4, 2), (5, 3), (6, 4), (7, 5), (8, 6), (9, 2), (10, 7), (39, 9);
COMMIT;

-- ----------------------------
-- Table structure for Movie_genres
-- ----------------------------
DROP TABLE IF EXISTS `Movie_genres`;
CREATE TABLE `Movie_genres`  (
  `Id_movie` int(10) UNSIGNED NOT NULL,
  `Id_genre` int(10) UNSIGNED NOT NULL,
  PRIMARY KEY (`Id_movie`, `Id_genre`) USING BTREE,
  INDEX `Id_movie_FK2`(`Id_movie`) USING BTREE,
  INDEX `Id_genre_FK`(`Id_genre`) USING BTREE,
  CONSTRAINT `Id_genre_FK` FOREIGN KEY (`Id_genre`) REFERENCES `Genres` (`Id_genre`) ON DELETE CASCADE ON UPDATE CASCADE,
  CONSTRAINT `Id_movie_FK2` FOREIGN KEY (`Id_movie`) REFERENCES `Movies` (`Id_movie`) ON DELETE CASCADE ON UPDATE CASCADE
) ENGINE = InnoDB CHARACTER SET = utf8mb3 COLLATE = utf8mb3_general_ci;

-- ----------------------------
-- Records of Movie_genres
-- ----------------------------
BEGIN;
INSERT INTO `Movie_genres` (`Id_movie`, `Id_genre`) VALUES (1, 5), (1, 12), (2, 5), (2, 12), (3, 5), (3, 12), (4, 4), (5, 4), (5, 8), (6, 8), (7, 2), (7, 4), (7, 18), (8, 4), (9, 4), (10, 2), (10, 4), (10, 18), (39, 4);
COMMIT;

-- ----------------------------
-- Table structure for Movie_languages
-- ----------------------------
DROP TABLE IF EXISTS `Movie_languages`;
CREATE TABLE `Movie_languages`  (
  `Id_movie` int(10) UNSIGNED NOT NULL,
  `Id_language` int(10) UNSIGNED NOT NULL,
  PRIMARY KEY (`Id_movie`, `Id_language`) USING BTREE,
  INDEX `Id_movie_FK3`(`Id_movie`) USING BTREE,
  INDEX `Id_language`(`Id_language`) USING BTREE,
  CONSTRAINT `Id_language` FOREIGN KEY (`Id_language`) REFERENCES `Languages` (`Id_language`) ON DELETE CASCADE ON UPDATE CASCADE,
  CONSTRAINT `Id_movie_FK3` FOREIGN KEY (`Id_movie`) REFERENCES `Movies` (`Id_movie`) ON DELETE CASCADE ON UPDATE CASCADE
) ENGINE = InnoDB CHARACTER SET = utf8mb3 COLLATE = utf8mb3_general_ci;

-- ----------------------------
-- Records of Movie_languages
-- ----------------------------
BEGIN;
INSERT INTO `Movie_languages` (`Id_movie`, `Id_language`) VALUES (1, 1), (1, 2), (2, 1), (2, 2), (3, 1), (3, 2), (4, 1), (4, 2), (4, 3), (5, 1), (5, 2), (5, 5), (6, 1), (6, 2), (7, 1), (7, 2), (7, 4), (7, 5), (8, 1), (8, 2), (8, 4), (9, 1), (9, 2), (10, 1), (10, 2), (10, 3), (39, 2);
COMMIT;

-- ----------------------------
-- Table structure for Movies
-- ----------------------------
DROP TABLE IF EXISTS `Movies`;
CREATE TABLE `Movies`  (
  `Id_movie` int(10) UNSIGNED NOT NULL AUTO_INCREMENT,
  `Title` varchar(50) CHARACTER SET utf8mb3 COLLATE utf8mb3_general_ci NOT NULL,
  `Release_date` date NULL DEFAULT NULL,
  `Age_restrict` int(10) UNSIGNED NULL DEFAULT NULL,
  `Price_netto` double NULL DEFAULT NULL,
  `Price_brutto` double NULL DEFAULT NULL,
  PRIMARY KEY (`Id_movie`) USING BTREE,
  FULLTEXT INDEX `Title`(`Title`)
) ENGINE = InnoDB AUTO_INCREMENT = 42 CHARACTER SET = utf8mb3 COLLATE = utf8mb3_general_ci;

-- ----------------------------
-- Records of Movies
-- ----------------------------
BEGIN;
INSERT INTO `Movies` (`Id_movie`, `Title`, `Release_date`, `Age_restrict`, `Price_netto`, `Price_brutto`) VALUES (1, 'Władca Pierścieni Drużyna Pierścienia', '2001-12-10', 12, 19.99, 24.59), (2, 'Władca Pierścieni Dwie wieże', '2002-12-05', 12, 19.99, 24.59), (3, 'Władca Pierścieni Powrót Króla', '2003-12-01', 12, 19.99, 24.59), (4, 'Skazani na Shawshank', '1994-09-10', 16, 24.99, 30.74), (5, 'Ojciec Chrzestny', '1972-03-15', 18, 24.99, 30.74), (6, 'Pulp Fiction', '1994-05-21', 18, 24.99, 30.74), (7, 'Pianista ', '2002-05-24', 12, 21.99, 27.05), (8, 'Nienawiść', '1995-05-27', 16, 14.99, 18.44), (9, 'Zielona Mila', '1999-12-06', 18, 1.99, 2.45), (10, 'Karol. Człowiek, który został papieżem', '2005-04-15', 12, 21.39, 26.31), (39, 'Kolory', '1998-04-15', 16, 10.99, 13.52);
COMMIT;

-- ----------------------------
-- Table structure for Rents
-- ----------------------------
DROP TABLE IF EXISTS `Rents`;
CREATE TABLE `Rents`  (
  `Id_rental` int(10) UNSIGNED NOT NULL AUTO_INCREMENT,
  `Id_movie` int(10) UNSIGNED NOT NULL,
  `Rent_date` date NOT NULL,
  `Id_user` int(10) UNSIGNED NOT NULL,
  `Rent_expiration` date NULL DEFAULT NULL,
  PRIMARY KEY (`Id_rental`, `Rent_date`) USING BTREE,
  INDEX `Id_rental`(`Id_rental`) USING BTREE
) ENGINE = InnoDB AUTO_INCREMENT = 3089 CHARACTER SET = utf8mb3 COLLATE = utf8mb3_general_ci;

-- ----------------------------
-- Records of Rents
-- ----------------------------
BEGIN;
INSERT INTO `Rents` (`Id_rental`, `Id_movie`, `Rent_date`, `Id_user`, `Rent_expiration`) VALUES (1004, 10, '2019-08-26', 3, '2019-09-25'), (1005, 10, '2018-02-23', 9, '2018-03-25'), (1006, 10, '2018-08-02', 9, '2018-09-01'), (1007, 10, '2019-06-17', 2, '2019-07-17'), (1011, 10, '2019-06-22', 10, '2019-07-22'), (1012, 10, '2018-07-02', 8, '2018-08-01'), (1016, 10, '2018-12-17', 7, '2019-01-16'), (1017, 10, '2019-02-28', 2, '2019-03-30'), (1019, 10, '2018-07-26', 7, '2018-08-25'), (1022, 10, '2018-04-21', 7, '2018-05-21'), (1023, 10, '2019-08-10', 9, '2019-09-09'), (1029, 10, '2018-12-16', 2, '2019-01-15'), (1030, 10, '2019-09-11', 7, '2019-10-11'), (1032, 10, '2019-04-11', 3, '2019-05-11'), (1033, 10, '2019-01-22', 3, '2019-02-21'), (1041, 10, '2018-11-16', 8, '2018-12-16'), (1042, 10, '2019-11-29', 9, '2019-12-29'), (1051, 10, '2018-12-20', 5, '2019-01-19'), (1057, 10, '2019-12-29', 2, '2020-01-28'), (1058, 10, '2018-07-11', 7, '2018-08-10'), (1060, 10, '2018-03-06', 5, '2018-04-05'), (1071, 10, '2019-07-29', 4, '2019-08-28'), (1076, 10, '2019-03-31', 6, '2019-04-30'), (1077, 10, '2018-04-03', 5, '2018-05-03'), (1078, 10, '2018-01-04', 5, '2018-02-03'), (1079, 10, '2018-01-22', 6, '2018-02-21'), (1083, 10, '2018-01-22', 4, '2018-02-21'), (1086, 10, '2018-01-26', 2, '2018-02-25'), (1087, 10, '2019-05-09', 4, '2019-06-08'), (1090, 10, '2019-08-01', 4, '2019-08-31'), (1091, 10, '2019-06-05', 5, '2019-07-05'), (1093, 10, '2018-02-06', 8, '2018-03-08'), (1100, 10, '2018-07-07', 8, '2018-08-06'), (1104, 10, '2018-02-22', 4, '2018-03-24'), (1105, 10, '2018-02-13', 10, '2018-03-15'), (1109, 10, '2019-06-12', 5, '2019-07-12'), (1110, 10, '2018-09-12', 7, '2018-10-12'), (1114, 10, '2018-11-25', 3, '2018-12-25'), (1115, 10, '2019-06-24', 7, '2019-07-24'), (1116, 10, '2018-10-26', 5, '2018-11-25'), (1119, 10, '2019-08-12', 1, '2019-09-11'), (1120, 10, '2019-11-26', 8, '2019-12-26'), (1122, 10, '2018-12-02', 5, '2019-01-01'), (1123, 10, '2018-09-14', 4, '2018-10-14'), (1125, 10, '2019-06-25', 4, '2019-07-25'), (1132, 10, '2019-08-02', 7, '2019-09-01'), (1134, 10, '2018-12-16', 3, '2019-01-15'), (1136, 10, '2018-05-25', 2, '2018-06-24'), (1137, 10, '2019-01-20', 2, '2019-02-19'), (1138, 10, '2019-06-30', 8, '2019-07-30'), (1140, 10, '2018-11-15', 7, '2018-12-15'), (1142, 10, '2019-09-21', 9, '2019-10-21'), (1144, 10, '2018-11-17', 8, '2018-12-17'), (1145, 10, '2019-04-09', 9, '2019-05-09'), (1147, 10, '2019-04-12', 9, '2019-05-12'), (1149, 10, '2019-06-12', 4, '2019-07-12'), (1150, 10, '2019-12-10', 2, '2020-01-09'), (1152, 10, '2018-04-30', 6, '2018-05-30'), (1156, 10, '2018-06-08', 2, '2018-07-08'), (1157, 10, '2019-02-19', 7, '2019-03-21'), (1160, 10, '2019-02-28', 7, '2019-03-30'), (1162, 10, '2019-03-02', 10, '2019-04-01'), (1163, 10, '2018-10-18', 3, '2018-11-17'), (1169, 10, '2019-12-11', 4, '2020-01-10'), (1171, 10, '2018-10-03', 9, '2018-11-02'), (1174, 10, '2019-10-18', 4, '2019-11-17'), (1175, 10, '2019-10-27', 4, '2019-11-26'), (1178, 10, '2018-05-02', 5, '2018-06-01'), (1179, 10, '2019-06-05', 10, '2019-07-05'), (1180, 10, '2018-05-31', 2, '2018-06-30'), (1181, 10, '2018-02-18', 3, '2018-03-20'), (1182, 10, '2019-05-11', 4, '2019-06-10'), (1183, 10, '2019-08-24', 4, '2019-09-23'), (1189, 10, '2018-04-25', 8, '2018-05-25'), (1191, 10, '2019-02-12', 2, '2019-03-14'), (1192, 10, '2018-09-01', 6, '2018-10-01'), (1196, 10, '2019-03-14', 9, '2019-04-13'), (1198, 10, '2018-07-14', 9, '2018-08-13'), (1200, 10, '2018-12-08', 5, '2019-01-07'), (1204, 10, '2019-09-10', 6, '2019-10-10'), (1208, 10, '2019-09-05', 8, '2019-10-05'), (1211, 10, '2019-01-24', 8, '2019-02-23'), (1212, 10, '2019-04-02', 10, '2019-05-02'), (1214, 10, '2019-07-24', 5, '2019-08-23'), (1216, 10, '2018-05-14', 2, '2018-06-13'), (1218, 10, '2018-06-24', 6, '2018-07-24'), (1220, 10, '2019-02-20', 7, '2019-03-22'), (1223, 10, '2018-02-26', 8, '2018-03-28'), (1227, 10, '2019-11-30', 3, '2019-12-30'), (1232, 10, '2019-01-15', 6, '2019-02-14'), (1233, 10, '2018-12-02', 2, '2019-01-01'), (1235, 10, '2019-08-24', 6, '2019-09-23'), (1236, 10, '2018-01-18', 2, '2018-02-17'), (1237, 10, '2019-07-12', 9, '2019-08-11'), (1239, 10, '2019-03-12', 2, '2019-04-11'), (1243, 10, '2018-01-27', 7, '2018-02-26'), (1246, 10, '2019-03-26', 4, '2019-04-25'), (1248, 10, '2018-04-07', 2, '2018-05-07'), (1249, 10, '2018-07-01', 9, '2018-07-31'), (1250, 10, '2018-11-07', 4, '2018-12-07'), (1252, 10, '2019-02-17', 7, '2019-03-19'), (1254, 10, '2018-12-03', 4, '2019-01-02'), (1255, 10, '2019-04-15', 2, '2019-05-15'), (1258, 10, '2018-08-11', 7, '2018-09-10'), (1264, 10, '2018-08-17', 7, '2018-09-16'), (1265, 10, '2018-06-06', 5, '2018-07-06'), (1267, 10, '2019-02-16', 2, '2019-03-18'), (1271, 10, '2018-09-30', 4, '2018-10-30'), (1273, 10, '2019-02-08', 7, '2019-03-10'), (1278, 10, '2019-12-31', 3, '2020-01-30'), (1279, 10, '2019-03-05', 10, '2019-04-04'), (1284, 10, '2018-01-31', 4, '2018-03-02'), (1286, 10, '2018-04-25', 3, '2018-05-25'), (1287, 10, '2019-07-16', 4, '2019-08-15'), (1294, 10, '2018-05-04', 4, '2018-06-03'), (1296, 10, '2018-04-05', 7, '2018-05-05'), (1297, 10, '2019-05-28', 9, '2019-06-27'), (1301, 10, '2018-02-04', 7, '2018-03-06'), (1303, 10, '2018-02-17', 9, '2018-03-19'), (1305, 10, '2018-09-06', 2, '2018-10-06'), (1309, 10, '2018-09-25', 1, '2018-10-25'), (1311, 10, '2019-07-29', 3, '2019-08-28'), (1312, 10, '2018-10-14', 2, '2018-11-13'), (1315, 10, '2018-06-20', 1, '2018-07-20'), (1324, 10, '2019-03-18', 6, '2019-04-17'), (1325, 10, '2018-08-05', 3, '2018-09-04'), (1327, 10, '2018-12-30', 7, '2019-01-29'), (1328, 10, '2018-03-01', 7, '2018-03-31'), (1330, 10, '2019-02-19', 4, '2019-03-21'), (1332, 10, '2019-05-10', 9, '2019-06-09'), (1334, 10, '2019-03-01', 1, '2019-03-31'), (1337, 10, '2018-01-24', 5, '2018-02-23'), (1338, 10, '2019-03-07', 8, '2019-04-06'), (1343, 10, '2019-11-23', 10, '2019-12-23'), (1350, 10, '2019-09-25', 4, '2019-10-25'), (1352, 10, '2018-11-23', 10, '2018-12-23'), (1357, 10, '2018-01-10', 9, '2018-02-09'), (1359, 10, '2018-10-27', 6, '2018-11-26'), (1362, 10, '2019-12-15', 2, '2020-01-14'), (1363, 10, '2019-10-14', 7, '2019-11-13'), (1366, 10, '2018-09-23', 8, '2018-10-23'), (1367, 10, '2018-05-16', 8, '2018-06-15'), (1374, 10, '2018-12-22', 10, '2019-01-21'), (1375, 10, '2018-10-09', 9, '2018-11-08'), (1384, 10, '2019-12-19', 6, '2020-01-18'), (1385, 10, '2019-08-25', 3, '2019-09-24'), (1386, 10, '2019-02-22', 9, '2019-03-24'), (1387, 10, '2019-12-08', 7, '2020-01-07'), (1388, 10, '2019-07-26', 6, '2019-08-25'), (1390, 10, '2019-11-16', 9, '2019-12-16'), (1391, 10, '2019-07-02', 9, '2019-08-01'), (1398, 10, '2018-12-01', 1, '2018-12-31'), (1402, 10, '2018-06-11', 3, '2018-07-11'), (1403, 10, '2018-06-13', 2, '2018-07-13'), (1409, 10, '2019-01-31', 7, '2019-03-02'), (1411, 10, '2019-08-27', 3, '2019-09-26'), (1412, 10, '2018-05-09', 3, '2018-06-08'), (1414, 10, '2018-10-03', 9, '2018-11-02'), (1416, 10, '2019-12-19', 4, '2020-01-18'), (1418, 10, '2019-06-03', 7, '2019-07-03'), (1421, 10, '2018-05-23', 8, '2018-06-22'), (1424, 10, '2019-10-24', 2, '2019-11-23'), (1426, 10, '2019-03-02', 6, '2019-04-01'), (1427, 10, '2019-08-31', 2, '2019-09-30'), (1428, 10, '2018-07-22', 1, '2018-08-21'), (1430, 10, '2018-08-26', 5, '2018-09-25'), (1431, 10, '2019-08-24', 7, '2019-09-23'), (1433, 10, '2018-04-27', 9, '2018-05-27'), (1434, 10, '2018-06-27', 10, '2018-07-27'), (1435, 10, '2019-01-20', 7, '2019-02-19'), (1436, 10, '2018-11-20', 4, '2018-12-20'), (1437, 10, '2019-12-13', 7, '2020-01-12'), (1441, 10, '2018-10-21', 8, '2018-11-20'), (1442, 10, '2018-04-21', 7, '2018-05-21'), (1446, 10, '2019-01-29', 3, '2019-02-28'), (1447, 10, '2018-06-08', 6, '2018-07-08'), (1452, 10, '2019-01-14', 2, '2019-02-13'), (1456, 10, '2018-04-09', 4, '2018-05-09'), (1458, 10, '2019-08-28', 9, '2019-09-27'), (1459, 10, '2018-12-18', 9, '2019-01-17'), (1460, 10, '2019-04-01', 7, '2019-05-01'), (1463, 10, '2019-12-13', 4, '2020-01-12'), (1465, 10, '2019-04-26', 3, '2019-05-26'), (1466, 10, '2018-06-22', 1, '2018-07-22'), (1471, 10, '2018-08-04', 4, '2018-09-03'), (1475, 10, '2018-04-18', 1, '2018-05-18'), (1477, 10, '2018-12-21', 7, '2019-01-20'), (1482, 10, '2019-05-28', 3, '2019-06-27'), (1490, 10, '2019-07-14', 7, '2019-08-13'), (1492, 10, '2019-10-03', 2, '2019-11-02'), (1498, 10, '2018-01-28', 5, '2018-02-27'), (1503, 10, '2018-12-15', 8, '2019-01-14'), (1505, 10, '2019-06-27', 5, '2019-07-27'), (1508, 10, '2019-05-21', 4, '2019-06-20'), (1509, 10, '2019-12-13', 6, '2020-01-12'), (1511, 10, '2019-11-02', 7, '2019-12-02'), (1519, 10, '2019-02-06', 9, '2019-03-08'), (1521, 10, '2018-12-12', 7, '2019-01-11'), (1522, 10, '2018-06-03', 9, '2018-07-03'), (1523, 10, '2019-07-27', 8, '2019-08-26'), (1524, 10, '2018-11-07', 3, '2018-12-07'), (1527, 10, '2019-12-09', 7, '2020-01-08'), (1529, 10, '2018-04-07', 6, '2018-05-07'), (1534, 10, '2019-01-20', 2, '2019-02-19'), (1537, 10, '2018-09-05', 8, '2018-10-05'), (1539, 10, '2019-06-08', 8, '2019-07-08'), (1540, 10, '2018-02-24', 2, '2018-03-26'), (1542, 10, '2019-04-17', 3, '2019-05-17'), (1553, 10, '2019-09-25', 10, '2019-10-25'), (1555, 10, '2018-06-02', 9, '2018-07-02'), (1556, 10, '2019-02-24', 8, '2019-03-26'), (1558, 10, '2018-04-15', 2, '2018-05-15'), (1561, 10, '2018-02-18', 8, '2018-03-20'), (1564, 10, '2018-11-26', 4, '2018-12-26'), (1566, 10, '2018-02-12', 8, '2018-03-14'), (1567, 10, '2018-07-13', 6, '2018-08-12'), (1569, 10, '2019-07-22', 3, '2019-08-21'), (1573, 10, '2018-01-18', 5, '2018-02-17'), (1574, 10, '2019-01-05', 6, '2019-02-04'), (1575, 10, '2018-08-10', 3, '2018-09-09'), (1576, 10, '2019-11-17', 5, '2019-12-17'), (1577, 10, '2019-10-10', 1, '2019-11-09'), (1579, 10, '2018-10-24', 3, '2018-11-23'), (1580, 10, '2019-12-03', 4, '2020-01-02'), (1584, 10, '2018-02-18', 2, '2018-03-20'), (1585, 10, '2018-10-12', 3, '2018-11-11'), (1590, 10, '2019-03-22', 7, '2019-04-21'), (1594, 10, '2019-05-03', 2, '2019-06-02'), (1598, 10, '2019-05-28', 2, '2019-06-27'), (1599, 10, '2018-02-15', 4, '2018-03-17'), (1604, 10, '2018-09-20', 2, '2018-10-20'), (1605, 10, '2019-06-06', 3, '2019-07-06'), (1610, 10, '2018-07-18', 7, '2018-08-17'), (1611, 10, '2019-10-27', 4, '2019-11-26'), (1613, 10, '2019-05-25', 7, '2019-06-24'), (1614, 10, '2018-04-05', 9, '2018-05-05'), (1617, 10, '2018-02-26', 8, '2018-03-28'), (1618, 10, '2019-01-23', 7, '2019-02-22'), (1620, 10, '2018-04-07', 4, '2018-05-07'), (1622, 10, '2018-01-10', 7, '2018-02-09'), (1623, 10, '2019-12-22', 6, '2020-01-21'), (1626, 10, '2018-04-10', 2, '2018-05-10'), (1627, 10, '2019-01-17', 2, '2019-02-16'), (1628, 10, '2019-11-24', 8, '2019-12-24'), (1629, 10, '2019-02-12', 6, '2019-03-14'), (1635, 10, '2019-10-01', 1, '2019-10-31'), (1636, 10, '2019-08-11', 1, '2019-09-10'), (1637, 10, '2019-10-01', 10, '2019-10-31'), (1638, 10, '2018-05-17', 3, '2018-06-16'), (1639, 10, '2019-03-31', 3, '2019-04-30'), (1641, 10, '2018-02-24', 9, '2018-03-26'), (1642, 10, '2018-01-28', 2, '2018-02-27'), (1643, 10, '2018-09-12', 3, '2018-10-12'), (1649, 10, '2018-03-20', 9, '2018-04-19'), (1651, 10, '2019-06-27', 3, '2019-07-27'), (1652, 10, '2019-05-28', 10, '2019-06-27'), (1654, 10, '2019-05-30', 3, '2019-06-29'), (1658, 10, '2018-02-01', 1, '2018-03-03'), (1660, 10, '2019-01-10', 2, '2019-02-09'), (1662, 10, '2019-06-20', 10, '2019-07-20'), (1665, 10, '2018-02-12', 10, '2018-03-14'), (1666, 10, '2019-01-14', 5, '2019-02-13'), (1667, 10, '2018-07-02', 7, '2018-08-01'), (1668, 10, '2018-06-28', 3, '2018-07-28'), (1671, 10, '2018-01-08', 4, '2018-02-07'), (1672, 10, '2018-08-20', 2, '2018-09-19'), (1674, 10, '2019-07-03', 7, '2019-08-02'), (1678, 10, '2019-11-14', 6, '2019-12-14'), (1679, 10, '2019-12-25', 7, '2020-01-24'), (1682, 10, '2018-04-12', 9, '2018-05-12'), (1690, 10, '2019-12-08', 9, '2020-01-07'), (1691, 10, '2019-04-17', 5, '2019-05-17'), (1692, 10, '2019-07-17', 10, '2019-08-16'), (1694, 10, '2019-04-17', 7, '2019-05-17'), (1698, 10, '2019-12-08', 5, '2020-01-07'), (1700, 10, '2018-12-01', 7, '2018-12-31'), (1701, 10, '2018-02-28', 7, '2018-03-30'), (1707, 10, '2018-05-23', 8, '2018-06-22'), (1710, 10, '2018-11-13', 4, '2018-12-13'), (1711, 10, '2019-11-09', 6, '2019-12-09'), (1715, 10, '2019-01-05', 3, '2019-02-04'), (1719, 10, '2018-08-02', 8, '2018-09-01'), (1720, 10, '2018-03-19', 9, '2018-04-18'), (1721, 10, '2019-06-06', 2, '2019-07-06'), (1723, 10, '2019-10-26', 8, '2019-11-25'), (1725, 10, '2019-10-18', 10, '2019-11-17'), (1726, 10, '2018-08-20', 8, '2018-09-19'), (1729, 10, '2018-12-30', 3, '2019-01-29'), (1730, 10, '2018-03-28', 4, '2018-04-27'), (1731, 10, '2018-06-30', 3, '2018-07-30'), (1734, 10, '2019-01-08', 10, '2019-02-07'), (1739, 10, '2018-05-22', 6, '2018-06-21'), (1741, 10, '2018-07-10', 8, '2018-08-09'), (1745, 10, '2019-10-23', 2, '2019-11-22'), (1747, 10, '2019-02-17', 6, '2019-03-19'), (1748, 10, '2018-11-22', 10, '2018-12-22'), (1753, 10, '2018-02-20', 6, '2018-03-22'), (1755, 10, '2019-01-05', 2, '2019-02-04'), (1757, 10, '2018-02-03', 10, '2018-03-05'), (1760, 10, '2018-12-25', 4, '2019-01-24'), (1761, 10, '2019-07-19', 10, '2019-08-18'), (1762, 10, '2019-11-28', 5, '2019-12-28'), (1763, 10, '2019-03-12', 8, '2019-04-11'), (1764, 10, '2018-12-26', 5, '2019-01-25'), (1766, 10, '2019-03-31', 1, '2019-04-30'), (1768, 10, '2019-06-18', 6, '2019-07-18'), (1771, 10, '2018-07-22', 2, '2018-08-21'), (1780, 10, '2019-09-04', 4, '2019-10-04'), (1782, 10, '2018-12-02', 10, '2019-01-01'), (1783, 10, '2018-05-26', 9, '2018-06-25'), (1785, 10, '2019-07-25', 4, '2019-08-24'), (1786, 10, '2018-09-02', 2, '2018-10-02'), (1789, 10, '2019-01-19', 3, '2019-02-18'), (1791, 10, '2019-07-21', 3, '2019-08-20'), (1793, 10, '2018-10-14', 6, '2018-11-13'), (1796, 10, '2019-04-16', 4, '2019-05-16'), (1802, 10, '2019-08-10', 7, '2019-09-09'), (1803, 10, '2019-12-14', 9, '2020-01-13'), (1804, 10, '2018-06-22', 7, '2018-07-22'), (1806, 10, '2019-12-07', 8, '2020-01-06'), (1811, 10, '2018-02-03', 8, '2018-03-05'), (1812, 10, '2019-05-07', 9, '2019-06-06'), (1813, 10, '2018-07-12', 6, '2018-08-11'), (1819, 10, '2018-10-21', 2, '2018-11-20'), (1821, 10, '2018-11-30', 10, '2018-12-30'), (1822, 10, '2019-06-27', 4, '2019-07-27'), (1828, 10, '2019-08-16', 10, '2019-09-15'), (1829, 10, '2019-07-20', 4, '2019-08-19'), (1830, 10, '2019-03-15', 6, '2019-04-14'), (1831, 10, '2019-05-15', 2, '2019-06-14'), (1832, 10, '2018-12-27', 4, '2019-01-26'), (1837, 10, '2019-09-28', 2, '2019-10-28'), (1839, 10, '2019-02-06', 9, '2019-03-08'), (1850, 10, '2019-02-02', 4, '2019-03-04'), (1851, 10, '2018-08-14', 10, '2018-09-13'), (1852, 10, '2019-10-17', 2, '2019-11-16'), (1853, 10, '2018-10-14', 7, '2018-11-13'), (1854, 10, '2019-08-28', 8, '2019-09-27'), (1857, 10, '2019-11-15', 9, '2019-12-15'), (1858, 10, '2018-01-20', 9, '2018-02-19'), (1859, 10, '2019-06-18', 1, '2019-07-18'), (1862, 10, '2018-12-27', 5, '2019-01-26'), (1865, 10, '2019-06-02', 7, '2019-07-02'), (1866, 10, '2018-08-26', 8, '2018-09-25'), (1869, 10, '2018-01-11', 9, '2018-02-10'), (1873, 10, '2019-08-28', 7, '2019-09-27'), (1879, 10, '2018-06-05', 8, '2018-07-05'), (1880, 10, '2018-01-17', 7, '2018-02-16'), (1882, 10, '2018-08-13', 5, '2018-09-12'), (1885, 10, '2019-04-11', 8, '2019-05-11'), (1886, 10, '2018-03-27', 3, '2018-04-26'), (1888, 10, '2019-03-09', 3, '2019-04-08'), (1889, 10, '2018-01-06', 9, '2018-02-05'), (1890, 10, '2019-01-16', 7, '2019-02-15'), (1893, 10, '2019-12-10', 4, '2020-01-09'), (1895, 10, '2019-09-25', 7, '2019-10-25'), (1896, 10, '2018-06-01', 1, '2018-07-01'), (1899, 10, '2019-08-20', 1, '2019-09-19'), (1903, 10, '2018-12-10', 3, '2019-01-09'), (1909, 10, '2018-10-28', 10, '2018-11-27'), (1910, 10, '2018-01-15', 3, '2018-02-14'), (1913, 10, '2019-10-12', 8, '2019-11-11'), (1915, 10, '2019-03-18', 8, '2019-04-17'), (1916, 10, '2018-06-04', 8, '2018-07-04'), (1918, 10, '2018-07-29', 8, '2018-08-28'), (1922, 10, '2019-01-01', 3, '2019-01-31'), (1924, 10, '2018-04-21', 9, '2018-05-21'), (1927, 10, '2019-10-17', 4, '2019-11-16'), (1930, 10, '2019-04-08', 3, '2019-05-08'), (1933, 10, '2019-06-09', 5, '2019-07-09'), (1935, 10, '2019-12-18', 4, '2020-01-17'), (1937, 10, '2019-02-09', 7, '2019-03-11'), (1938, 10, '2019-04-21', 5, '2019-05-21'), (1940, 10, '2019-08-12', 4, '2019-09-11'), (1942, 10, '2019-08-04', 6, '2019-09-03'), (1946, 10, '2019-10-23', 3, '2019-11-22'), (1948, 10, '2018-01-05', 3, '2018-02-04'), (1949, 10, '2018-08-30', 3, '2018-09-29'), (1951, 10, '2019-02-18', 9, '2019-03-20'), (1953, 10, '2019-03-09', 8, '2019-04-08'), (1954, 10, '2019-09-16', 10, '2019-10-16'), (1955, 10, '2019-03-20', 2, '2019-04-19'), (1960, 10, '2019-05-04', 3, '2019-06-03'), (1964, 10, '2019-11-03', 4, '2019-12-03'), (1967, 10, '2019-07-05', 7, '2019-08-04'), (1969, 10, '2019-08-10', 4, '2019-09-09'), (1970, 10, '2019-11-25', 5, '2019-12-25'), (1972, 10, '2018-12-22', 2, '2019-01-21'), (1976, 10, '2018-11-29', 4, '2018-12-29'), (1977, 10, '2019-04-28', 7, '2019-05-28'), (1980, 10, '2019-08-03', 10, '2019-09-02'), (1981, 10, '2018-04-19', 6, '2018-05-19'), (1983, 10, '2019-12-21', 8, '2020-01-20'), (1986, 10, '2019-05-11', 3, '2019-06-10'), (1988, 10, '2018-05-16', 5, '2018-06-15'), (1989, 10, '2018-05-16', 6, '2018-06-15'), (1990, 10, '2019-07-18', 3, '2019-08-17'), (1992, 10, '2019-09-18', 4, '2019-10-18'), (1993, 10, '2019-11-22', 6, '2019-12-22'), (1994, 10, '2018-06-27', 9, '2018-07-27'), (1995, 10, '2018-03-22', 3, '2018-04-21'), (1998, 10, '2018-10-19', 1, '2018-11-18'), (2001, 10, '2019-03-24', 2, '2019-04-23'), (2013, 10, '2019-09-03', 9, '2019-10-03'), (2015, 10, '2019-03-13', 10, '2019-04-12'), (2016, 10, '2019-02-15', 2, '2019-03-17'), (2019, 10, '2019-10-28', 5, '2019-11-27'), (2022, 10, '2019-12-07', 9, '2020-01-06'), (2028, 10, '2019-04-13', 1, '2019-05-13'), (2031, 10, '2019-08-31', 7, '2019-09-30'), (2036, 10, '2019-07-10', 4, '2019-08-09'), (2043, 10, '2019-01-14', 3, '2019-02-13'), (2053, 10, '2019-05-15', 6, '2019-06-14'), (2054, 10, '2019-12-26', 9, '2020-01-25'), (2063, 10, '2019-11-24', 4, '2019-12-24'), (2065, 10, '2019-08-20', 7, '2019-09-19'), (2069, 10, '2019-03-15', 7, '2019-04-14'), (2072, 10, '2019-02-15', 7, '2019-03-17'), (2080, 10, '2019-01-11', 8, '2019-02-10'), (2083, 10, '2019-05-12', 1, '2019-06-11'), (2088, 10, '2019-11-02', 4, '2019-12-02'), (2098, 10, '2019-04-27', 4, '2019-05-27'), (2100, 10, '2019-08-30', 4, '2019-09-29'), (2106, 10, '2019-08-05', 4, '2019-09-04'), (2111, 10, '2019-08-09', 5, '2019-09-08'), (2112, 10, '2019-07-10', 3, '2019-08-09'), (2115, 10, '2019-02-21', 4, '2019-03-23'), (2119, 10, '2019-07-24', 3, '2019-08-23'), (2125, 10, '2019-11-09', 6, '2019-12-09'), (2127, 10, '2019-12-04', 7, '2020-01-03'), (2131, 10, '2019-11-06', 2, '2019-12-06'), (2136, 10, '2019-11-01', 3, '2019-12-01'), (2140, 10, '2019-10-05', 2, '2019-11-04'), (2147, 10, '2019-01-14', 6, '2019-02-13'), (2152, 10, '2019-04-11', 3, '2019-05-11'), (2157, 10, '2019-02-15', 8, '2019-03-17'), (2158, 10, '2019-10-08', 9, '2019-11-07'), (2159, 10, '2019-06-11', 7, '2019-07-11'), (2170, 10, '2019-07-25', 6, '2019-08-24'), (2177, 10, '2019-02-07', 3, '2019-03-09'), (2178, 10, '2019-03-10', 9, '2019-04-09'), (2181, 10, '2019-08-24', 10, '2019-09-23'), (2185, 10, '2019-12-31', 7, '2020-01-30'), (2187, 10, '2019-03-20', 7, '2019-04-19'), (2191, 10, '2019-06-08', 8, '2019-07-08'), (2204, 10, '2019-09-17', 5, '2019-10-17'), (2211, 10, '2019-06-23', 8, '2019-07-23'), (2216, 10, '2019-11-06', 2, '2019-12-06'), (2220, 10, '2019-07-10', 6, '2019-08-09'), (2222, 10, '2019-11-26', 9, '2019-12-26'), (2223, 10, '2019-02-26', 4, '2019-03-28'), (2228, 10, '2019-02-19', 9, '2019-03-21'), (2230, 10, '2019-05-31', 9, '2019-06-30'), (2234, 10, '2019-06-16', 3, '2019-07-16'), (2238, 10, '2019-09-17', 9, '2019-10-17'), (2239, 10, '2019-03-18', 10, '2019-04-17'), (2244, 10, '2019-02-09', 4, '2019-03-11'), (2255, 10, '2019-11-13', 4, '2019-12-13'), (2259, 10, '2019-08-11', 7, '2019-09-10'), (2261, 10, '2019-12-23', 7, '2020-01-22'), (2264, 10, '2019-08-17', 10, '2019-09-16'), (2278, 10, '2019-06-05', 5, '2019-07-05'), (2279, 10, '2019-11-23', 2, '2019-12-23'), (2284, 10, '2019-11-03', 10, '2019-12-03'), (2286, 10, '2019-01-18', 8, '2019-02-17'), (2297, 10, '2019-12-04', 8, '2020-01-03'), (2299, 10, '2019-08-27', 9, '2019-09-26'), (2302, 10, '2019-03-30', 8, '2019-04-29'), (2307, 10, '2019-04-26', 7, '2019-05-26'), (2308, 10, '2019-06-04', 4, '2019-07-04'), (2314, 10, '2019-05-31', 9, '2019-06-30'), (2318, 10, '2019-06-23', 2, '2019-07-23'), (2319, 10, '2019-03-30', 8, '2019-04-29'), (2320, 10, '2019-01-21', 8, '2019-02-20'), (2326, 10, '2019-08-28', 5, '2019-09-27'), (2327, 10, '2019-06-15', 10, '2019-07-15'), (2332, 10, '2019-05-23', 7, '2019-06-22'), (2335, 10, '2019-10-15', 10, '2019-11-14'), (2342, 10, '2019-10-03', 7, '2019-11-02'), (2344, 10, '2019-02-18', 5, '2019-03-20'), (2345, 10, '2019-01-06', 2, '2019-02-05'), (2347, 10, '2019-09-05', 5, '2019-10-05'), (2349, 10, '2019-11-16', 6, '2019-12-16'), (2353, 10, '2019-01-07', 10, '2019-02-06'), (2358, 10, '2019-10-07', 8, '2019-11-06'), (2366, 10, '2019-12-20', 3, '2020-01-19'), (2369, 10, '2019-02-22', 6, '2019-03-24'), (2379, 10, '2019-04-20', 7, '2019-05-20'), (2383, 10, '2019-02-27', 9, '2019-03-29'), (2388, 10, '2019-09-28', 1, '2019-10-28'), (2391, 10, '2019-08-27', 5, '2019-09-26'), (2392, 10, '2019-09-12', 8, '2019-10-12'), (2394, 10, '2019-05-19', 6, '2019-06-18'), (2401, 10, '2019-09-01', 9, '2019-10-01'), (2404, 10, '2019-11-18', 4, '2019-12-18'), (2410, 10, '2019-08-10', 2, '2019-09-09'), (2411, 10, '2019-02-17', 10, '2019-03-19'), (2414, 10, '2019-01-01', 7, '2019-01-31'), (2423, 10, '2019-03-09', 8, '2019-04-08'), (2427, 10, '2019-12-28', 6, '2020-01-27'), (2428, 10, '2019-10-22', 5, '2019-11-21'), (2436, 10, '2019-04-08', 5, '2019-05-08'), (2444, 10, '2019-08-21', 4, '2019-09-20'), (2446, 10, '2019-08-23', 4, '2019-09-22'), (2447, 10, '2019-06-21', 9, '2019-07-21'), (2448, 10, '2019-09-08', 1, '2019-10-08'), (2450, 10, '2019-04-13', 9, '2019-05-13'), (2452, 10, '2019-02-06', 5, '2019-03-08'), (2457, 10, '2019-05-20', 9, '2019-06-19'), (2459, 10, '2019-12-06', 8, '2020-01-05'), (2466, 10, '2019-02-08', 9, '2019-03-10'), (2476, 10, '2019-11-09', 8, '2019-12-09'), (2480, 10, '2019-05-09', 8, '2019-06-08'), (2497, 10, '2019-12-11', 7, '2020-01-10'), (2499, 10, '2019-07-07', 8, '2019-08-06'), (2511, 10, '2019-10-12', 9, '2019-11-11'), (2514, 10, '2019-02-22', 4, '2019-03-24'), (2515, 10, '2019-01-28', 5, '2019-02-27'), (2522, 10, '2019-01-06', 4, '2019-02-05'), (2523, 10, '2019-03-21', 2, '2019-04-20'), (2524, 10, '2019-11-03', 9, '2019-12-03'), (2526, 10, '2019-05-27', 4, '2019-06-26'), (2527, 10, '2019-05-14', 6, '2019-06-13'), (2529, 10, '2019-07-15', 4, '2019-08-14'), (2530, 10, '2019-10-22', 6, '2019-11-21'), (2533, 10, '2019-04-20', 9, '2019-05-20'), (2535, 10, '2019-12-01', 3, '2019-12-31'), (2549, 10, '2019-09-17', 10, '2019-10-17'), (2550, 10, '2019-07-03', 4, '2019-08-02'), (2553, 10, '2019-12-08', 2, '2020-01-07'), (2560, 10, '2019-03-02', 6, '2019-04-01'), (2561, 10, '2019-10-12', 3, '2019-11-11'), (2563, 10, '2019-03-16', 3, '2019-04-15'), (2565, 10, '2019-08-21', 2, '2019-09-20'), (2566, 10, '2019-06-03', 3, '2019-07-03'), (2570, 10, '2019-05-12', 4, '2019-06-11'), (2572, 10, '2019-02-07', 8, '2019-03-09'), (2575, 10, '2019-01-04', 1, '2019-02-03'), (2576, 10, '2019-10-16', 4, '2019-11-15'), (2578, 10, '2019-02-22', 9, '2019-03-24'), (2579, 10, '2019-07-29', 8, '2019-08-28'), (2580, 10, '2019-08-15', 2, '2019-09-14'), (2583, 10, '2019-09-17', 5, '2019-10-17'), (2584, 10, '2019-09-27', 8, '2019-10-27'), (2588, 10, '2019-07-12', 5, '2019-08-11'), (2589, 10, '2019-12-31', 9, '2020-01-30'), (2591, 10, '2019-11-27', 5, '2019-12-27'), (2597, 10, '2019-04-30', 6, '2019-05-30'), (2603, 10, '2019-09-19', 6, '2019-10-19'), (2620, 10, '2019-02-07', 5, '2019-03-09'), (2621, 10, '2019-03-18', 2, '2019-04-17'), (2622, 10, '2019-04-05', 9, '2019-05-05'), (2623, 10, '2019-03-08', 7, '2019-04-07'), (2628, 10, '2019-08-16', 7, '2019-09-15'), (2629, 10, '2019-06-30', 7, '2019-07-30'), (2631, 10, '2019-12-03', 2, '2020-01-02'), (2636, 10, '2019-04-19', 2, '2019-05-19'), (2637, 10, '2019-03-03', 5, '2019-04-02'), (2638, 10, '2019-10-04', 6, '2019-11-03'), (2645, 10, '2019-06-28', 7, '2019-07-28'), (2649, 10, '2019-09-15', 6, '2019-10-15'), (2651, 10, '2019-07-21', 6, '2019-08-20'), (2654, 10, '2019-09-09', 2, '2019-10-09'), (2663, 10, '2019-08-27', 7, '2019-09-26'), (2664, 10, '2019-09-21', 4, '2019-10-21'), (2666, 10, '2019-07-01', 2, '2019-07-31'), (2669, 10, '2019-07-11', 3, '2019-08-10'), (2670, 10, '2019-10-08', 7, '2019-11-07'), (2671, 10, '2019-12-25', 4, '2020-01-24'), (2679, 10, '2019-07-16', 4, '2019-08-15'), (2682, 10, '2019-05-31', 9, '2019-06-30'), (2688, 10, '2019-06-09', 4, '2019-07-09'), (2693, 10, '2019-05-29', 8, '2019-06-28'), (2699, 10, '2019-01-11', 5, '2019-02-10'), (2703, 10, '2019-06-15', 6, '2019-07-15'), (2706, 10, '2019-08-08', 4, '2019-09-07'), (2716, 10, '2019-11-18', 4, '2019-12-18'), (2721, 10, '2019-07-24', 6, '2019-08-23'), (2726, 10, '2019-01-31', 7, '2019-03-02'), (2731, 10, '2019-08-13', 9, '2019-09-12'), (2734, 10, '2019-04-17', 8, '2019-05-17'), (2735, 10, '2019-09-18', 7, '2019-10-18'), (2747, 10, '2019-01-24', 5, '2019-02-23'), (2755, 10, '2019-03-22', 6, '2019-04-21'), (2763, 10, '2019-02-19', 8, '2019-03-21'), (2766, 10, '2019-12-28', 7, '2020-01-27'), (2768, 10, '2019-08-01', 9, '2019-08-31'), (2770, 10, '2019-02-23', 3, '2019-03-25'), (2774, 10, '2019-05-02', 5, '2019-06-01'), (2778, 10, '2019-12-19', 2, '2020-01-18'), (2779, 10, '2019-11-16', 10, '2019-12-16'), (2780, 10, '2019-08-16', 7, '2019-09-15'), (2788, 10, '2019-01-31', 5, '2019-03-02'), (2797, 10, '2019-09-19', 8, '2019-10-19'), (2805, 10, '2019-02-23', 6, '2019-03-25'), (2810, 10, '2019-11-11', 6, '2019-12-11'), (2811, 10, '2019-09-13', 10, '2019-10-13'), (2813, 10, '2019-01-27', 7, '2019-02-26'), (2815, 10, '2019-03-19', 7, '2019-04-18'), (2832, 10, '2019-07-02', 2, '2019-08-01'), (2835, 10, '2019-01-15', 3, '2019-02-14'), (2836, 10, '2019-01-14', 6, '2019-02-13'), (2837, 10, '2019-12-12', 2, '2020-01-11'), (2839, 10, '2019-12-26', 8, '2020-01-25'), (2846, 10, '2019-11-03', 5, '2019-12-03'), (2856, 10, '2019-07-04', 3, '2019-08-03'), (2858, 10, '2019-09-18', 7, '2019-10-18'), (2866, 10, '2019-03-08', 3, '2019-04-07'), (2867, 10, '2019-01-07', 2, '2019-02-06'), (2871, 10, '2019-04-07', 10, '2019-05-07'), (2875, 10, '2019-06-14', 7, '2019-07-14'), (2883, 10, '2019-01-19', 1, '2019-02-18'), (2889, 10, '2019-05-02', 4, '2019-06-01'), (2894, 10, '2019-01-27', 8, '2019-02-26'), (2896, 10, '2019-06-24', 3, '2019-07-24'), (2899, 10, '2019-02-10', 6, '2019-03-12'), (2903, 10, '2019-07-17', 6, '2019-08-16'), (2904, 10, '2019-09-18', 3, '2019-10-18'), (2908, 10, '2019-06-10', 3, '2019-07-10'), (2910, 10, '2019-06-10', 9, '2019-07-10'), (2919, 10, '2019-06-13', 3, '2019-07-13'), (2924, 10, '2019-05-09', 10, '2019-06-08'), (2925, 10, '2019-08-10', 9, '2019-09-09'), (2939, 10, '2019-02-08', 3, '2019-03-10'), (2940, 10, '2019-03-16', 10, '2019-04-15'), (2941, 10, '2019-03-17', 1, '2019-04-16'), (2947, 10, '2019-07-02', 9, '2019-08-01'), (2948, 10, '2019-03-20', 6, '2019-04-19'), (2952, 10, '2019-04-24', 5, '2019-05-24'), (2955, 10, '2019-09-05', 8, '2019-10-05'), (2959, 10, '2019-08-24', 9, '2019-09-23'), (2973, 10, '2019-12-27', 5, '2020-01-26'), (2976, 10, '2019-08-09', 4, '2019-09-08'), (2977, 10, '2019-12-24', 6, '2020-01-23'), (2978, 10, '2019-01-22', 7, '2019-02-21'), (2984, 10, '2019-02-18', 1, '2019-03-20'), (2991, 10, '2019-05-27', 1, '2019-06-26'), (2997, 10, '2019-08-21', 2, '2019-09-20'), (2998, 10, '2019-09-24', 6, '2019-10-24'), (2999, 10, '2019-08-17', 5, '2019-09-16'), (3000, 10, '2019-10-23', 3, '2019-11-22'), (3002, 10, '2019-11-07', 2, '2019-12-07'), (3005, 10, '2019-12-26', 9, '2020-01-25'), (3006, 10, '2019-07-16', 4, '2019-08-15'), (3007, 10, '2019-08-24', 8, '2019-09-23'), (3015, 10, '2019-11-15', 5, '2019-12-15'), (3016, 10, '2019-10-27', 1, '2019-11-26'), (3018, 10, '2019-04-18', 9, '2019-05-18'), (3023, 10, '2019-01-22', 9, '2019-02-21'), (3027, 10, '2019-06-12', 4, '2019-07-12'), (3028, 10, '2019-07-24', 1, '2019-08-23'), (3035, 10, '2019-08-03', 2, '2019-09-02'), (3036, 10, '2019-09-03', 2, '2019-10-03'), (3038, 10, '2019-09-19', 8, '2019-10-19'), (3041, 10, '2019-09-03', 5, '2019-10-03'), (3042, 10, '2019-08-07', 7, '2019-09-06'), (3044, 10, '2019-12-08', 2, '2020-01-07'), (3050, 10, '2019-04-08', 6, '2019-05-08'), (3053, 10, '2019-02-03', 3, '2019-03-05'), (3054, 10, '2019-01-20', 7, '2019-02-19'), (3062, 10, '2019-10-04', 3, '2019-11-03'), (3064, 10, '2019-12-10', 5, '2020-01-09'), (3067, 10, '2019-01-19', 5, '2019-02-18'), (3073, 10, '2019-11-27', 5, '2019-12-27'), (3076, 10, '2019-09-01', 6, '2019-10-01'), (3081, 10, '2019-03-28', 8, '2019-04-27'), (3084, 10, '2019-05-04', 9, '2019-06-03'), (3, 9, '2020-04-22', 3, '2020-05-22'), (5, 8, '2021-10-02', 7, '2021-11-01'), (6, 4, '2020-03-22', 8, '2020-04-21'), (7, 9, '2021-08-12', 9, '2021-09-11'), (8, 4, '2020-02-16', 6, '2020-03-17'), (9, 1, '2020-09-23', 8, '2020-10-23'), (10, 2, '2021-07-19', 9, '2021-08-18'), (13, 2, '2021-06-21', 7, '2021-07-21'), (15, 2, '2021-10-06', 5, '2021-11-05'), (16, 2, '2021-12-25', 4, '2022-01-24'), (17, 2, '2021-02-04', 4, '2021-03-06'), (20, 4, '2020-03-17', 10, '2020-04-16'), (22, 5, '2020-12-22', 4, '2021-01-21'), (23, 8, '2021-05-12', 6, '2021-06-11'), (24, 7, '2020-06-15', 10, '2020-07-15'), (27, 9, '2021-02-08', 3, '2021-03-10'), (31, 8, '2020-08-15', 1, '2020-09-14'), (33, 5, '2021-07-02', 6, '2021-08-01'), (35, 1, '2021-01-27', 3, '2021-02-26'), (36, 2, '2020-05-26', 4, '2020-06-25'), (37, 3, '2021-03-03', 10, '2021-04-02'), (38, 2, '2020-11-21', 8, '2020-12-21'), (39, 1, '2021-10-15', 1, '2021-11-14'), (40, 4, '2020-09-01', 4, '2020-10-01'), (42, 9, '2021-08-17', 6, '2021-09-16'), (43, 8, '2021-08-21', 3, '2021-09-20'), (47, 9, '2020-10-18', 10, '2020-11-17'), (48, 2, '2020-07-19', 5, '2020-08-18'), (49, 7, '2020-01-26', 9, '2020-02-25'), (50, 10, '2020-02-15', 3, '2020-03-16'), (53, 7, '2020-01-18', 9, '2020-02-17'), (54, 7, '2020-07-24', 8, '2020-08-23'), (57, 3, '2021-09-27', 2, '2021-10-27'), (58, 4, '2021-08-08', 2, '2021-09-07'), (60, 6, '2020-01-28', 2, '2020-02-27'), (65, 8, '2021-10-23', 1, '2021-11-22'), (66, 9, '2021-11-06', 3, '2021-12-06'), (67, 9, '2020-11-05', 3, '2020-12-05'), (68, 2, '2020-10-05', 6, '2020-11-04'), (70, 5, '2021-03-22', 4, '2021-04-21'), (71, 6, '2021-01-01', 8, '2021-01-31'), (72, 4, '2021-11-06', 7, '2021-12-06'), (73, 6, '2021-07-05', 5, '2021-08-04'), (75, 9, '2021-06-13', 6, '2021-07-13'), (76, 10, '2021-03-31', 3, '2021-04-30'), (77, 9, '2020-12-11', 2, '2021-01-10'), (79, 7, '2021-08-07', 5, '2021-09-06'), (80, 5, '2020-07-26', 4, '2020-08-25'), (81, 6, '2020-05-31', 3, '2020-06-30'), (83, 9, '2021-07-17', 2, '2021-08-16'), (84, 2, '2021-04-28', 9, '2021-05-28'), (85, 7, '2021-01-25', 2, '2021-02-24'), (86, 5, '2020-11-26', 7, '2020-12-26'), (94, 9, '2021-05-20', 5, '2021-06-19'), (96, 4, '2021-08-30', 3, '2021-09-29'), (100, 9, '2020-12-15', 5, '2021-01-14'), (102, 6, '2020-01-31', 9, '2020-03-01'), (107, 9, '2021-09-04', 10, '2021-10-04'), (108, 5, '2020-02-04', 3, '2020-03-05'), (109, 2, '2021-11-07', 9, '2021-12-07'), (110, 5, '2021-11-21', 9, '2021-12-21'), (112, 4, '2020-04-17', 3, '2020-05-17'), (113, 3, '2020-11-12', 6, '2020-12-12'), (114, 2, '2021-05-03', 9, '2021-06-02'), (115, 1, '2021-04-04', 6, '2021-05-04'), (116, 3, '2021-12-24', 9, '2022-01-23'), (117, 3, '2021-05-19', 4, '2021-06-18'), (118, 9, '2021-07-16', 5, '2021-08-15'), (119, 5, '2021-01-18', 4, '2021-02-17'), (120, 8, '2020-01-17', 8, '2020-02-16'), (121, 5, '2021-01-08', 8, '2021-02-07'), (125, 9, '2020-07-29', 7, '2020-08-28'), (127, 4, '2021-03-14', 8, '2021-04-13'), (128, 7, '2020-01-31', 4, '2020-03-01'), (129, 2, '2021-04-12', 5, '2021-05-12'), (130, 9, '2021-08-30', 2, '2021-09-29'), (131, 6, '2021-04-20', 8, '2021-05-20'), (132, 8, '2021-03-02', 2, '2021-04-01'), (133, 8, '2020-05-08', 4, '2020-06-07'), (134, 2, '2020-03-11', 7, '2020-04-10'), (135, 4, '2021-11-08', 2, '2021-12-08'), (136, 6, '2021-05-19', 6, '2021-06-18'), (137, 5, '2021-08-16', 8, '2021-09-15'), (138, 6, '2020-05-06', 7, '2020-06-05'), (139, 4, '2021-10-16', 8, '2021-11-15'), (142, 7, '2020-09-21', 10, '2020-10-21'), (143, 3, '2021-12-24', 1, '2022-01-23'), (144, 2, '2021-09-01', 3, '2021-10-01'), (146, 9, '2021-03-16', 9, '2021-04-15'), (147, 10, '2021-11-14', 7, '2021-12-14'), (148, 5, '2020-04-05', 9, '2020-05-05'), (150, 3, '2021-05-16', 4, '2021-06-15'), (151, 10, '2021-06-06', 8, '2021-07-06'), (152, 9, '2021-02-27', 4, '2021-03-29'), (153, 3, '2021-06-16', 7, '2021-07-16'), (154, 2, '2020-08-20', 6, '2020-09-19'), (155, 7, '2020-04-25', 2, '2020-05-25'), (159, 5, '2021-06-16', 5, '2021-07-16'), (163, 1, '2020-08-13', 6, '2020-09-12'), (164, 5, '2021-12-11', 8, '2022-01-10'), (165, 7, '2021-03-27', 4, '2021-04-26'), (167, 4, '2020-05-27', 1, '2020-06-26'), (168, 4, '2021-12-30', 6, '2022-01-29'), (169, 7, '2020-03-30', 8, '2020-04-29'), (170, 9, '2021-09-06', 10, '2021-10-06'), (172, 5, '2020-12-03', 2, '2021-01-02'), (173, 3, '2021-08-08', 4, '2021-09-07'), (175, 3, '2021-07-31', 8, '2021-08-30'), (176, 4, '2021-05-11', 7, '2021-06-10'), (179, 9, '2021-01-04', 9, '2021-02-03'), (181, 4, '2021-06-07', 7, '2021-07-07'), (182, 7, '2020-11-08', 4, '2020-12-08'), (184, 2, '2021-09-29', 8, '2021-10-29'), (186, 4, '2020-05-26', 2, '2020-06-25'), (190, 5, '2021-05-24', 4, '2021-06-23'), (192, 8, '2020-10-14', 6, '2020-11-13'), (194, 8, '2020-08-19', 6, '2020-09-18'), (195, 8, '2020-01-28', 2, '2020-02-27'), (196, 5, '2020-05-24', 9, '2020-06-23'), (197, 3, '2020-12-10', 4, '2021-01-09'), (198, 5, '2020-05-28', 2, '2020-06-27'), (200, 8, '2021-01-16', 6, '2021-02-15'), (202, 8, '2021-07-19', 2, '2021-08-18'), (205, 7, '2021-08-20', 5, '2021-09-19'), (206, 2, '2020-08-12', 4, '2020-09-11'), (207, 2, '2020-03-29', 6, '2020-04-28'), (208, 3, '2021-09-25', 9, '2021-10-25'), (209, 7, '2020-04-24', 3, '2020-05-24'), (210, 9, '2021-09-23', 10, '2021-10-23'), (212, 6, '2021-06-20', 5, '2021-07-20'), (214, 8, '2020-01-11', 9, '2020-02-10'), (216, 8, '2021-08-16', 8, '2021-09-15'), (217, 3, '2020-08-21', 8, '2020-09-20'), (218, 6, '2021-02-21', 8, '2021-03-23'), (219, 2, '2021-03-11', 6, '2021-04-10'), (221, 3, '2021-07-05', 8, '2021-08-04'), (222, 8, '2020-05-06', 8, '2020-06-05'), (223, 9, '2020-05-27', 5, '2020-06-26'), (224, 3, '2021-11-16', 10, '2021-12-16'), (226, 3, '2021-06-21', 6, '2021-07-21'), (227, 10, '2020-06-27', 10, '2020-07-27'), (228, 4, '2020-12-02', 10, '2021-01-01'), (231, 3, '2021-07-04', 9, '2021-08-03'), (232, 2, '2020-07-29', 2, '2020-08-28'), (234, 9, '2020-03-13', 7, '2020-04-12'), (235, 10, '2020-09-22', 9, '2020-10-22'), (236, 7, '2020-02-10', 10, '2020-03-11'), (237, 5, '2020-01-11', 5, '2020-02-10'), (238, 4, '2021-10-22', 7, '2021-11-21'), (239, 9, '2020-09-05', 7, '2020-10-05'), (241, 4, '2020-12-12', 5, '2021-01-11'), (242, 9, '2020-01-26', 7, '2020-02-25'), (243, 8, '2020-07-19', 5, '2020-08-18'), (244, 3, '2021-08-27', 7, '2021-09-26'), (246, 9, '2020-12-22', 4, '2021-01-21'), (247, 1, '2021-09-24', 6, '2021-10-24'), (250, 7, '2021-12-29', 6, '2022-01-28'), (252, 3, '2020-10-29', 3, '2020-11-28'), (253, 3, '2020-06-13', 6, '2020-07-13'), (254, 2, '2021-11-12', 9, '2021-12-12'), (255, 2, '2021-04-29', 10, '2021-05-29'), (257, 6, '2021-02-24', 10, '2021-03-26'), (258, 9, '2021-05-30', 5, '2021-06-29'), (261, 4, '2021-12-24', 4, '2022-01-23'), (262, 1, '2021-04-12', 10, '2021-05-12'), (263, 9, '2021-12-08', 1, '2022-01-07'), (265, 6, '2020-04-21', 2, '2020-05-21'), (266, 6, '2021-02-22', 1, '2021-03-24'), (267, 8, '2020-01-06', 6, '2020-02-05'), (268, 6, '2021-07-19', 8, '2021-08-18'), (269, 9, '2020-08-20', 6, '2020-09-19'), (270, 4, '2020-04-07', 2, '2020-05-07'), (272, 2, '2020-06-08', 5, '2020-07-08'), (273, 1, '2021-12-03', 5, '2022-01-02'), (274, 4, '2021-09-23', 6, '2021-10-23'), (275, 7, '2020-03-05', 2, '2020-04-04'), (277, 9, '2020-01-01', 9, '2020-01-31'), (278, 9, '2020-09-11', 5, '2020-10-11'), (279, 8, '2021-03-10', 10, '2021-04-09'), (282, 3, '2021-11-24', 2, '2021-12-24'), (284, 8, '2021-01-28', 3, '2021-02-27'), (285, 7, '2020-01-21', 4, '2020-02-20'), (287, 6, '2020-07-12', 6, '2020-08-11'), (288, 8, '2021-02-09', 4, '2021-03-11'), (290, 5, '2020-08-11', 6, '2020-09-10'), (291, 1, '2020-01-22', 9, '2020-02-21'), (292, 5, '2021-02-26', 8, '2021-03-28'), (293, 10, '2021-04-01', 7, '2021-05-01'), (294, 5, '2020-05-28', 3, '2020-06-27'), (295, 3, '2020-11-09', 5, '2020-12-09'), (296, 1, '2021-06-20', 8, '2021-07-20'), (297, 4, '2021-03-24', 6, '2021-04-23'), (298, 9, '2021-12-04', 9, '2022-01-03'), (299, 8, '2020-10-25', 4, '2020-11-24'), (301, 5, '2020-05-14', 7, '2020-06-13'), (302, 3, '2021-02-24', 2, '2021-03-26'), (303, 6, '2021-05-29', 6, '2021-06-28'), (304, 5, '2020-01-03', 10, '2020-02-02'), (305, 7, '2021-04-25', 9, '2021-05-25'), (306, 6, '2021-03-26', 4, '2021-04-25'), (308, 5, '2021-04-15', 2, '2021-05-15'), (309, 6, '2020-06-11', 3, '2020-07-11'), (310, 2, '2021-01-16', 8, '2021-02-15'), (311, 5, '2021-06-09', 2, '2021-07-09'), (313, 4, '2021-01-10', 7, '2021-02-09'), (314, 3, '2021-11-11', 1, '2021-12-11'), (315, 6, '2020-05-17', 9, '2020-06-16'), (316, 3, '2020-03-06', 2, '2020-04-05'), (319, 7, '2021-12-06', 4, '2022-01-05'), (320, 8, '2021-09-12', 5, '2021-10-12'), (321, 3, '2020-10-08', 3, '2020-11-07'), (322, 9, '2020-10-16', 2, '2020-11-15'), (323, 8, '2020-06-14', 9, '2020-07-14'), (324, 6, '2020-01-17', 5, '2020-02-16'), (326, 6, '2021-07-21', 2, '2021-08-20'), (328, 8, '2021-09-19', 9, '2021-10-19'), (329, 6, '2021-02-26', 4, '2021-03-28'), (331, 7, '2021-03-09', 3, '2021-04-08'), (334, 1, '2020-04-12', 3, '2020-05-12'), (335, 5, '2021-01-06', 9, '2021-02-05'), (336, 4, '2021-04-04', 4, '2021-05-04'), (339, 3, '2020-08-20', 10, '2020-09-19'), (344, 3, '2020-03-16', 9, '2020-04-15'), (347, 9, '2021-11-02', 8, '2021-12-02'), (353, 3, '2020-09-02', 6, '2020-10-02'), (354, 8, '2020-09-10', 9, '2020-10-10'), (355, 10, '2020-02-28', 3, '2020-03-29'), (357, 4, '2020-09-08', 2, '2020-10-08'), (358, 4, '2021-12-02', 8, '2022-01-01'), (359, 9, '2020-12-13', 3, '2021-01-12'), (361, 3, '2020-11-01', 6, '2020-12-01'), (362, 6, '2020-04-26', 1, '2020-05-26'), (363, 9, '2020-11-04', 6, '2020-12-04'), (364, 9, '2020-03-12', 4, '2020-04-11'), (365, 2, '2021-02-06', 6, '2021-03-08'), (367, 9, '2021-07-29', 7, '2021-08-28'), (369, 5, '2020-12-24', 8, '2021-01-23'), (370, 8, '2020-12-18', 7, '2021-01-17'), (372, 8, '2021-06-02', 2, '2021-07-02'), (375, 2, '2020-12-09', 4, '2021-01-08'), (376, 2, '2021-09-22', 7, '2021-10-22'), (377, 7, '2020-06-16', 10, '2020-07-16'), (378, 8, '2020-05-04', 8, '2020-06-03'), (379, 4, '2021-08-07', 7, '2021-09-06'), (380, 9, '2020-02-04', 6, '2020-03-05'), (383, 8, '2021-09-22', 2, '2021-10-22'), (384, 2, '2021-11-05', 6, '2021-12-05'), (385, 9, '2021-12-27', 1, '2022-01-26'), (387, 6, '2021-11-19', 9, '2021-12-19'), (388, 4, '2020-02-22', 3, '2020-03-23'), (393, 3, '2021-02-19', 7, '2021-03-21'), (394, 3, '2020-04-02', 1, '2020-05-02'), (396, 1, '2021-02-16', 6, '2021-03-18'), (398, 5, '2021-06-07', 6, '2021-07-07'), (399, 9, '2020-10-15', 6, '2020-11-14'), (400, 2, '2021-06-08', 6, '2021-07-08'), (401, 2, '2020-11-23', 8, '2020-12-23'), (402, 10, '2021-08-05', 4, '2021-09-04'), (404, 4, '2021-07-28', 8, '2021-08-27'), (406, 5, '2021-03-27', 4, '2021-04-26'), (407, 6, '2021-08-23', 9, '2021-09-22'), (408, 7, '2021-06-15', 2, '2021-07-15'), (409, 1, '2020-08-17', 1, '2020-09-16'), (410, 9, '2020-02-22', 2, '2020-03-23'), (414, 2, '2020-08-14', 7, '2020-09-13'), (415, 3, '2020-03-06', 4, '2020-04-05'), (416, 6, '2021-10-08', 1, '2021-11-07'), (419, 8, '2020-01-04', 6, '2020-02-03'), (420, 6, '2021-09-27', 10, '2021-10-27'), (421, 9, '2021-04-12', 5, '2021-05-12'), (422, 4, '2021-03-15', 2, '2021-04-14'), (423, 5, '2020-04-24', 1, '2020-05-24'), (424, 1, '2021-05-24', 2, '2021-06-23'), (425, 6, '2021-05-14', 7, '2021-06-13'), (426, 3, '2021-09-01', 3, '2021-10-01'), (427, 3, '2020-02-29', 4, '2020-03-30'), (428, 2, '2020-01-16', 6, '2020-02-15'), (430, 6, '2021-12-15', 1, '2022-01-14'), (431, 4, '2021-02-01', 3, '2021-03-03'), (432, 6, '2020-06-10', 9, '2020-07-10'), (434, 2, '2020-10-14', 2, '2020-11-13'), (436, 8, '2021-04-27', 3, '2021-05-27'), (437, 3, '2020-11-15', 2, '2020-12-15'), (440, 8, '2020-03-30', 7, '2020-04-29'), (441, 9, '2020-04-26', 3, '2020-05-26'), (442, 7, '2020-12-12', 5, '2021-01-11'), (444, 4, '2021-07-09', 4, '2021-08-08'), (445, 4, '2021-07-13', 4, '2021-08-12'), (446, 9, '2020-11-12', 10, '2020-12-12'), (447, 5, '2021-04-19', 2, '2021-05-19'), (449, 6, '2020-05-13', 3, '2020-06-12'), (450, 2, '2021-02-09', 9, '2021-03-11'), (451, 10, '2021-10-04', 9, '2021-11-03'), (452, 7, '2021-03-10', 4, '2021-04-09'), (453, 7, '2021-01-17', 8, '2021-02-16'), (456, 8, '2020-09-03', 2, '2020-10-03'), (457, 4, '2021-03-25', 7, '2021-04-24'), (459, 2, '2021-09-12', 8, '2021-10-12'), (461, 5, '2021-05-28', 2, '2021-06-27'), (462, 4, '2021-05-01', 5, '2021-05-31'), (463, 6, '2021-08-26', 5, '2021-09-25'), (464, 10, '2020-04-17', 8, '2020-05-17'), (467, 4, '2020-01-12', 4, '2020-02-11'), (468, 2, '2020-02-18', 2, '2020-03-19'), (469, 2, '2020-03-10', 1, '2020-04-09'), (470, 10, '2021-06-20', 3, '2021-07-20'), (471, 6, '2021-03-14', 8, '2021-04-13'), (472, 6, '2021-01-18', 4, '2021-02-17'), (473, 7, '2021-12-13', 6, '2022-01-12'), (474, 5, '2020-08-09', 8, '2020-09-08'), (475, 8, '2020-03-02', 3, '2020-04-01'), (476, 9, '2020-04-21', 6, '2020-05-21'), (477, 6, '2020-01-19', 8, '2020-02-18'), (478, 5, '2020-06-01', 7, '2020-07-01'), (479, 8, '2021-04-07', 3, '2021-05-07'), (480, 1, '2021-06-20', 8, '2021-07-20'), (481, 10, '2020-12-24', 3, '2021-01-23'), (483, 3, '2021-09-26', 7, '2021-10-26'), (484, 5, '2021-10-17', 1, '2021-11-16'), (485, 3, '2020-03-26', 3, '2020-04-25'), (486, 10, '2021-05-07', 3, '2021-06-06'), (488, 2, '2021-09-22', 7, '2021-10-22'), (489, 7, '2021-11-23', 9, '2021-12-23'), (490, 4, '2021-07-08', 3, '2021-08-07'), (491, 7, '2020-10-01', 2, '2020-10-31'), (492, 1, '2021-01-06', 1, '2021-02-05'), (495, 5, '2020-11-04', 6, '2020-12-04'), (496, 3, '2020-09-14', 10, '2020-10-14'), (497, 3, '2020-02-29', 7, '2020-03-30'), (499, 2, '2021-07-24', 5, '2021-08-23'), (500, 4, '2020-04-06', 5, '2020-05-06'), (501, 4, '2021-09-02', 3, '2021-10-02'), (502, 2, '2021-08-08', 4, '2021-09-07'), (503, 2, '2020-01-11', 7, '2020-02-10'), (504, 9, '2021-12-26', 2, '2022-01-25'), (506, 3, '2020-02-14', 3, '2020-03-15'), (507, 7, '2021-10-06', 3, '2021-11-05'), (508, 4, '2021-08-14', 8, '2021-09-13'), (510, 2, '2021-10-03', 4, '2021-11-02'), (512, 1, '2020-09-14', 7, '2020-10-14'), (513, 4, '2021-01-18', 10, '2021-02-17'), (514, 4, '2020-04-12', 10, '2020-05-12'), (518, 3, '2021-03-28', 6, '2021-04-27'), (519, 3, '2021-03-18', 1, '2021-04-17'), (520, 6, '2021-12-25', 7, '2022-01-24'), (521, 10, '2021-11-17', 6, '2021-12-17'), (526, 8, '2020-11-19', 6, '2020-12-19'), (529, 4, '2020-02-27', 5, '2020-03-28'), (530, 6, '2020-11-07', 6, '2020-12-07'), (531, 9, '2020-10-28', 4, '2020-11-27'), (532, 3, '2020-12-26', 2, '2021-01-25'), (533, 9, '2021-07-25', 7, '2021-08-24'), (534, 7, '2021-12-11', 10, '2022-01-10'), (538, 3, '2021-07-08', 6, '2021-08-07'), (539, 2, '2021-04-30', 10, '2021-05-30'), (540, 7, '2020-12-27', 8, '2021-01-26'), (541, 10, '2021-06-17', 4, '2021-07-17'), (543, 6, '2021-10-08', 3, '2021-11-07'), (545, 6, '2020-11-08', 2, '2020-12-08'), (546, 5, '2020-01-29', 1, '2020-02-28'), (547, 6, '2020-12-02', 8, '2021-01-01'), (548, 2, '2021-09-13', 3, '2021-10-13'), (549, 7, '2021-10-08', 9, '2021-11-07'), (550, 8, '2021-12-14', 9, '2022-01-13'), (551, 5, '2020-03-30', 7, '2020-04-29'), (553, 1, '2020-09-22', 3, '2020-10-22'), (555, 1, '2021-11-20', 8, '2021-12-20'), (558, 7, '2020-05-02', 6, '2020-06-01'), (559, 5, '2021-11-05', 9, '2021-12-05'), (560, 7, '2020-03-12', 6, '2020-04-11'), (563, 6, '2021-10-18', 8, '2021-11-17'), (565, 5, '2021-03-20', 9, '2021-04-19'), (566, 8, '2021-05-27', 1, '2021-06-26'), (567, 3, '2020-02-19', 5, '2020-03-20'), (568, 2, '2020-03-14', 8, '2020-04-13'), (570, 9, '2021-08-12', 5, '2021-09-11'), (571, 4, '2020-01-08', 9, '2020-02-07'), (572, 3, '2020-05-05', 9, '2020-06-04'), (573, 5, '2020-01-09', 5, '2020-02-08'), (574, 5, '2021-11-20', 9, '2021-12-20'), (576, 9, '2020-08-22', 1, '2020-09-21'), (577, 5, '2021-08-04', 4, '2021-09-03'), (578, 3, '2020-08-28', 7, '2020-09-27'), (579, 5, '2021-10-25', 5, '2021-11-24'), (580, 2, '2020-03-05', 1, '2020-04-04'), (582, 3, '2021-03-08', 9, '2021-04-07'), (583, 4, '2021-05-18', 3, '2021-06-17'), (584, 8, '2021-12-16', 5, '2022-01-15'), (585, 7, '2021-02-22', 9, '2021-03-24'), (587, 6, '2021-04-27', 3, '2021-05-27'), (588, 4, '2021-11-15', 5, '2021-12-15'), (590, 4, '2021-04-29', 4, '2021-05-29'), (591, 8, '2020-09-04', 5, '2020-10-04'), (592, 6, '2021-11-20', 8, '2021-12-20'), (593, 10, '2021-12-13', 3, '2022-01-12'), (594, 5, '2020-11-29', 3, '2020-12-29'), (596, 7, '2021-05-06', 7, '2021-06-05'), (597, 3, '2020-08-08', 2, '2020-09-07'), (598, 3, '2021-06-27', 7, '2021-07-27'), (602, 5, '2020-02-20', 3, '2020-03-21'), (606, 2, '2020-06-21', 10, '2020-07-21'), (607, 10, '2021-12-04', 10, '2022-01-03'), (609, 8, '2020-06-26', 6, '2020-07-26'), (610, 10, '2021-03-05', 3, '2021-04-04'), (611, 7, '2020-06-07', 2, '2020-07-07'), (612, 6, '2020-09-20', 3, '2020-10-20'), (614, 9, '2020-06-17', 3, '2020-07-17'), (617, 10, '2021-02-08', 7, '2021-03-10'), (619, 9, '2020-08-21', 9, '2020-09-20'), (620, 3, '2021-05-14', 7, '2021-06-13'), (621, 6, '2020-12-28', 9, '2021-01-27'), (622, 9, '2021-05-05', 7, '2021-06-04'), (623, 1, '2020-05-14', 1, '2020-06-13'), (624, 8, '2020-03-30', 8, '2020-04-29'), (627, 9, '2020-06-26', 7, '2020-07-26'), (628, 7, '2020-10-15', 3, '2020-11-14'), (630, 5, '2020-07-23', 7, '2020-08-22'), (632, 8, '2020-08-31', 9, '2020-09-30'), (634, 4, '2020-08-03', 2, '2020-09-02'), (635, 5, '2021-08-25', 4, '2021-09-24'), (636, 4, '2021-04-12', 1, '2021-05-12'), (637, 5, '2020-03-10', 2, '2020-04-09'), (639, 1, '2021-03-23', 10, '2021-04-22'), (640, 3, '2021-06-03', 10, '2021-07-03'), (643, 4, '2020-06-15', 2, '2020-07-15'), (644, 2, '2021-01-06', 4, '2021-02-05'), (646, 10, '2020-10-22', 8, '2020-11-21'), (647, 1, '2021-09-25', 10, '2021-10-25'), (648, 5, '2020-03-25', 9, '2020-04-24'), (649, 5, '2020-05-04', 5, '2020-06-03'), (650, 8, '2020-02-05', 8, '2020-03-06'), (651, 8, '2021-05-09', 2, '2021-06-08'), (652, 9, '2021-02-28', 5, '2021-03-30'), (653, 7, '2021-08-30', 8, '2021-09-29'), (657, 3, '2021-09-09', 4, '2021-10-09'), (658, 1, '2020-08-11', 4, '2020-09-10'), (659, 6, '2020-04-26', 9, '2020-05-26'), (660, 8, '2020-04-03', 5, '2020-05-03'), (661, 9, '2021-04-30', 7, '2021-05-30'), (663, 8, '2020-02-26', 4, '2020-03-27'), (664, 9, '2020-10-20', 2, '2020-11-19'), (665, 10, '2021-04-03', 5, '2021-05-03'), (666, 7, '2020-03-18', 3, '2020-04-17'), (668, 2, '2021-07-27', 5, '2021-08-26'), (669, 3, '2021-12-11', 6, '2022-01-10'), (671, 6, '2021-10-23', 3, '2021-11-22'), (673, 3, '2021-06-21', 9, '2021-07-21'), (675, 9, '2020-11-01', 6, '2020-12-01'), (676, 9, '2021-08-25', 5, '2021-09-24'), (677, 6, '2021-07-19', 8, '2021-08-18'), (679, 5, '2021-06-12', 6, '2021-07-12'), (680, 10, '2020-09-12', 5, '2020-10-12'), (681, 1, '2020-11-07', 9, '2020-12-07'), (683, 3, '2020-12-18', 6, '2021-01-17'), (684, 6, '2021-09-26', 8, '2021-10-26'), (686, 6, '2021-05-07', 8, '2021-06-06'), (688, 8, '2020-12-22', 3, '2021-01-21'), (689, 1, '2021-01-20', 6, '2021-02-19'), (690, 4, '2020-08-09', 6, '2020-09-08'), (693, 10, '2020-06-19', 5, '2020-07-19'), (694, 9, '2021-11-18', 9, '2021-12-18'), (696, 3, '2020-11-19', 1, '2020-12-19'), (697, 4, '2020-12-16', 6, '2021-01-15'), (698, 7, '2021-09-07', 4, '2021-10-07'), (699, 10, '2020-01-12', 8, '2020-02-11'), (700, 9, '2020-09-30', 2, '2020-10-30'), (701, 8, '2020-01-18', 9, '2020-02-17'), (702, 8, '2020-11-24', 7, '2020-12-24'), (703, 6, '2021-12-07', 8, '2022-01-06'), (704, 6, '2021-10-29', 1, '2021-11-28'), (706, 6, '2020-04-23', 10, '2020-05-23'), (707, 7, '2020-04-26', 4, '2020-05-26'), (708, 3, '2021-01-12', 6, '2021-02-11'), (710, 9, '2020-05-19', 8, '2020-06-18'), (712, 2, '2021-03-24', 6, '2021-04-23'), (713, 1, '2021-10-04', 2, '2021-11-03'), (714, 8, '2021-05-17', 2, '2021-06-16'), (715, 3, '2021-10-25', 4, '2021-11-24'), (716, 2, '2020-01-11', 6, '2020-02-10'), (717, 4, '2020-05-15', 4, '2020-06-14'), (720, 6, '2020-12-10', 1, '2021-01-09'), (721, 5, '2020-12-26', 9, '2021-01-25'), (722, 2, '2020-03-27', 3, '2020-04-26'), (723, 3, '2020-09-10', 2, '2020-10-10'), (724, 5, '2020-03-07', 8, '2020-04-06'), (725, 3, '2020-03-12', 3, '2020-04-11'), (727, 3, '2020-10-11', 9, '2020-11-10'), (728, 7, '2021-10-04', 3, '2021-11-03'), (730, 7, '2021-10-03', 2, '2021-11-02'), (734, 7, '2021-03-28', 9, '2021-04-27'), (735, 2, '2020-10-09', 10, '2020-11-08'), (739, 2, '2021-01-01', 8, '2021-01-31'), (740, 3, '2020-01-14', 6, '2020-02-13'), (741, 3, '2020-09-27', 2, '2020-10-27'), (742, 4, '2020-05-07', 6, '2020-06-06'), (743, 8, '2020-03-17', 9, '2020-04-16'), (745, 8, '2021-08-30', 6, '2021-09-29'), (746, 2, '2021-07-03', 6, '2021-08-02'), (747, 5, '2021-05-07', 4, '2021-06-06'), (748, 9, '2020-02-26', 9, '2020-03-27'), (750, 9, '2020-07-14', 7, '2020-08-13'), (755, 2, '2020-09-03', 6, '2020-10-03'), (756, 6, '2021-08-17', 4, '2021-09-16'), (757, 7, '2020-07-21', 9, '2020-08-20'), (758, 5, '2020-11-21', 4, '2020-12-21'), (759, 8, '2021-05-04', 8, '2021-06-03'), (760, 10, '2020-06-25', 3, '2020-07-25'), (762, 8, '2020-07-20', 7, '2020-08-19'), (763, 1, '2021-02-24', 1, '2021-03-26'), (765, 8, '2021-10-10', 9, '2021-11-09'), (767, 6, '2020-05-19', 5, '2020-06-18'), (768, 4, '2021-09-22', 2, '2021-10-22'), (769, 2, '2021-08-24', 9, '2021-09-23'), (770, 6, '2021-04-01', 5, '2021-05-01'), (771, 3, '2021-09-16', 4, '2021-10-16'), (772, 6, '2020-07-05', 7, '2020-08-04'), (776, 10, '2020-04-28', 5, '2020-05-28'), (777, 1, '2021-12-04', 6, '2022-01-03'), (778, 3, '2020-11-13', 8, '2020-12-13'), (779, 2, '2021-02-22', 8, '2021-03-24'), (781, 4, '2021-01-26', 9, '2021-02-25'), (782, 5, '2021-11-03', 1, '2021-12-03'), (784, 3, '2021-04-05', 6, '2021-05-05'), (785, 6, '2020-03-03', 6, '2020-04-02'), (786, 9, '2020-02-18', 9, '2020-03-19'), (787, 2, '2021-10-26', 2, '2021-11-25'), (788, 8, '2021-03-07', 3, '2021-04-06'), (789, 7, '2020-01-09', 6, '2020-02-08'), (790, 8, '2021-04-20', 4, '2021-05-20'), (791, 7, '2021-11-15', 5, '2021-12-15'), (792, 9, '2021-05-09', 4, '2021-06-08'), (794, 7, '2020-12-29', 7, '2021-01-28'), (795, 8, '2020-08-25', 7, '2020-09-24'), (798, 4, '2020-04-24', 4, '2020-05-24'), (799, 4, '2021-10-18', 4, '2021-11-17'), (800, 8, '2021-12-23', 10, '2022-01-22'), (802, 9, '2020-05-24', 5, '2020-06-23'), (803, 7, '2020-08-06', 2, '2020-09-05'), (804, 1, '2020-04-03', 5, '2020-05-03'), (805, 3, '2020-01-19', 5, '2020-02-18'), (807, 7, '2020-10-19', 3, '2020-11-18'), (808, 3, '2020-09-16', 4, '2020-10-16'), (809, 9, '2021-12-16', 5, '2022-01-15'), (812, 8, '2021-12-05', 1, '2022-01-04'), (814, 8, '2020-01-26', 7, '2020-02-25'), (816, 9, '2021-01-07', 3, '2021-02-06'), (817, 9, '2020-06-15', 7, '2020-07-15'), (818, 7, '2021-07-30', 9, '2021-08-29'), (819, 4, '2020-06-17', 6, '2020-07-17'), (820, 4, '2020-09-05', 2, '2020-10-05'), (822, 9, '2020-03-13', 3, '2020-04-12'), (826, 6, '2021-03-12', 8, '2021-04-11'), (827, 2, '2020-02-27', 4, '2020-03-28'), (828, 3, '2021-11-20', 6, '2021-12-20'), (829, 10, '2021-08-08', 2, '2021-09-07'), (830, 4, '2020-01-19', 2, '2020-02-18'), (832, 6, '2021-09-25', 3, '2021-10-25'), (833, 8, '2021-03-06', 4, '2021-04-05'), (834, 7, '2021-02-10', 3, '2021-03-12'), (835, 7, '2021-03-06', 2, '2021-04-05'), (838, 3, '2020-10-03', 2, '2020-11-02'), (840, 4, '2021-02-23', 1, '2021-03-25'), (841, 5, '2020-12-01', 5, '2020-12-31'), (842, 4, '2021-07-05', 9, '2021-08-04'), (843, 10, '2021-10-13', 7, '2021-11-12'), (845, 2, '2021-02-07', 8, '2021-03-09'), (846, 7, '2020-12-11', 9, '2021-01-10'), (847, 9, '2020-08-22', 5, '2020-09-21'), (848, 8, '2020-04-27', 5, '2020-05-27'), (849, 6, '2020-10-29', 4, '2020-11-28'), (850, 7, '2020-08-18', 5, '2020-09-17'), (851, 6, '2020-01-17', 6, '2020-02-16'), (852, 8, '2020-11-27', 7, '2020-12-27'), (853, 4, '2020-11-29', 3, '2020-12-29'), (854, 8, '2021-12-03', 6, '2022-01-02'), (855, 6, '2020-06-27', 7, '2020-07-27'), (856, 2, '2021-04-08', 6, '2021-05-08'), (859, 4, '2021-04-17', 7, '2021-05-17'), (860, 9, '2021-04-21', 8, '2021-05-21'), (861, 3, '2020-12-12', 7, '2021-01-11'), (864, 5, '2020-03-09', 6, '2020-04-08'), (865, 5, '2021-12-04', 7, '2022-01-03'), (866, 6, '2021-08-18', 2, '2021-09-17'), (868, 9, '2020-04-12', 9, '2020-05-12'), (869, 4, '2020-04-20', 8, '2020-05-20'), (871, 1, '2021-06-23', 4, '2021-07-23'), (872, 4, '2020-11-29', 3, '2020-12-29'), (873, 9, '2021-01-02', 3, '2021-02-01'), (875, 2, '2021-05-14', 6, '2021-06-13'), (876, 6, '2020-02-16', 2, '2020-03-17'), (878, 4, '2021-02-14', 2, '2021-03-16'), (879, 1, '2021-06-13', 9, '2021-07-13'), (882, 3, '2020-04-05', 5, '2020-05-05'), (886, 6, '2020-12-14', 6, '2021-01-13'), (887, 9, '2020-02-24', 7, '2020-03-25'), (888, 10, '2020-12-27', 2, '2021-01-26'), (890, 6, '2021-08-11', 5, '2021-09-10'), (891, 3, '2021-05-03', 10, '2021-06-02'), (892, 9, '2020-09-18', 5, '2020-10-18'), (893, 9, '2020-11-05', 7, '2020-12-05'), (894, 7, '2021-07-11', 3, '2021-08-10'), (895, 9, '2021-02-11', 8, '2021-03-13'), (898, 8, '2020-07-25', 3, '2020-08-24'), (902, 2, '2021-05-14', 7, '2021-06-13'), (903, 9, '2021-11-27', 5, '2021-12-27'), (904, 6, '2021-01-24', 9, '2021-02-23'), (905, 3, '2021-12-21', 5, '2022-01-20'), (907, 7, '2021-02-27', 5, '2021-03-29'), (908, 8, '2021-04-03', 3, '2021-05-03'), (911, 6, '2021-09-11', 7, '2021-10-11'), (912, 8, '2020-04-10', 5, '2020-05-10'), (915, 3, '2020-01-20', 8, '2020-02-19'), (916, 8, '2020-04-12', 2, '2020-05-12'), (917, 10, '2021-02-12', 4, '2021-03-14'), (919, 1, '2020-02-29', 5, '2020-03-30'), (921, 9, '2021-05-09', 6, '2021-06-08'), (924, 7, '2020-08-27', 7, '2020-09-26'), (925, 7, '2020-08-24', 5, '2020-09-23'), (926, 1, '2020-01-09', 2, '2020-02-08'), (927, 5, '2021-12-12', 4, '2022-01-11'), (929, 3, '2020-11-18', 8, '2020-12-18'), (932, 2, '2021-01-10', 4, '2021-02-09'), (933, 3, '2021-02-24', 6, '2021-03-26'), (934, 8, '2020-10-26', 7, '2020-11-25'), (935, 3, '2020-06-10', 7, '2020-07-10'), (936, 10, '2020-12-22', 4, '2021-01-21'), (937, 2, '2020-11-08', 3, '2020-12-08'), (943, 2, '2021-04-01', 8, '2021-05-01'), (944, 2, '2021-11-26', 3, '2021-12-26'), (945, 5, '2020-08-14', 4, '2020-09-13'), (946, 2, '2021-09-11', 9, '2021-10-11'), (948, 3, '2021-01-15', 4, '2021-02-14'), (949, 9, '2021-03-28', 8, '2021-04-27'), (950, 5, '2020-10-11', 5, '2020-11-10'), (951, 4, '2021-10-09', 8, '2021-11-08'), (953, 7, '2021-05-23', 2, '2021-06-22'), (954, 6, '2020-11-01', 5, '2020-12-01'), (956, 3, '2020-02-12', 5, '2020-03-13'), (958, 9, '2020-08-06', 9, '2020-09-05'), (959, 10, '2020-04-14', 4, '2020-05-14'), (960, 8, '2021-06-29', 2, '2021-07-29'), (961, 9, '2020-04-14', 6, '2020-05-14'), (962, 5, '2020-04-02', 5, '2020-05-02'), (963, 10, '2020-07-19', 2, '2020-08-18'), (964, 3, '2020-10-03', 5, '2020-11-02'), (965, 9, '2020-05-17', 3, '2020-06-16'), (968, 7, '2020-06-28', 6, '2020-07-28'), (969, 7, '2021-09-22', 3, '2021-10-22'), (970, 7, '2020-07-07', 6, '2020-08-06'), (971, 8, '2021-04-25', 1, '2021-05-25'), (972, 9, '2021-08-01', 10, '2021-08-31'), (974, 4, '2021-11-01', 8, '2021-12-01'), (975, 4, '2021-08-16', 6, '2021-09-15'), (976, 8, '2020-01-23', 10, '2020-02-22'), (977, 7, '2021-02-13', 8, '2021-03-15'), (978, 4, '2020-07-08', 4, '2020-08-07'), (979, 9, '2020-06-25', 1, '2020-07-25'), (981, 1, '2020-11-30', 1, '2020-12-30'), (982, 10, '2021-11-24', 8, '2021-12-24'), (983, 7, '2021-02-22', 7, '2021-03-24'), (986, 7, '2020-12-28', 9, '2021-01-27'), (989, 1, '2020-03-01', 2, '2020-03-31'), (990, 7, '2020-12-09', 3, '2021-01-08'), (991, 10, '2020-04-29', 1, '2020-05-29'), (992, 9, '2021-11-01', 6, '2021-12-01'), (993, 1, '2021-10-13', 6, '2021-11-12'), (995, 8, '2021-10-16', 2, '2021-11-15'), (996, 9, '2021-05-03', 10, '2021-06-02'), (997, 3, '2020-12-01', 9, '2020-12-31'), (999, 10, '2021-10-14', 7, '2021-11-13'), (1001, 1, '2020-11-14', 1, '2020-12-14'), (1002, 7, '2021-06-17', 9, '2021-07-17'), (1003, 10, '2020-08-06', 2, '2020-09-05'), (1008, 10, '2021-01-07', 2, '2021-02-06'), (1010, 10, '2021-12-06', 8, '2022-01-05'), (1014, 10, '2020-11-29', 7, '2020-12-29'), (1015, 10, '2020-05-14', 9, '2020-06-13'), (1018, 10, '2021-06-01', 8, '2021-07-01'), (1020, 10, '2021-03-31', 5, '2021-04-30'), (1024, 10, '2021-07-23', 7, '2021-08-22'), (1026, 10, '2020-11-10', 3, '2020-12-10'), (1028, 10, '2021-10-21', 4, '2021-11-20'), (1034, 10, '2020-11-02', 2, '2020-12-02'), (1035, 10, '2020-12-21', 5, '2021-01-20'), (1037, 10, '2020-05-01', 2, '2020-05-31'), (1038, 10, '2020-08-09', 5, '2020-09-08'), (1044, 10, '2020-11-01', 3, '2020-12-01'), (1046, 10, '2020-12-27', 7, '2021-01-26'), (1047, 10, '2020-04-15', 8, '2020-05-15'), (1049, 10, '2021-11-03', 7, '2021-12-03'), (1050, 10, '2020-01-17', 3, '2020-02-16'), (1052, 10, '2020-08-14', 3, '2020-09-13'), (1053, 10, '2021-07-09', 8, '2021-08-08'), (1054, 10, '2020-11-29', 5, '2020-12-29'), (1055, 10, '2020-03-31', 6, '2020-04-30'), (1056, 10, '2020-08-19', 7, '2020-09-18'), (1059, 10, '2020-11-03', 2, '2020-12-03'), (1061, 10, '2020-11-08', 8, '2020-12-08'), (1062, 10, '2020-07-25', 5, '2020-08-24'), (1064, 10, '2020-06-17', 2, '2020-07-17'), (1067, 10, '2020-01-09', 2, '2020-02-08'), (1068, 10, '2020-12-29', 5, '2021-01-28'), (1069, 10, '2021-08-19', 8, '2021-09-18'), (1070, 10, '2021-10-16', 9, '2021-11-15'), (1072, 10, '2020-03-30', 3, '2020-04-29'), (1074, 10, '2021-05-29', 2, '2021-06-28'), (1075, 10, '2021-01-17', 1, '2021-02-16'), (1080, 10, '2020-08-16', 8, '2020-09-15'), (1081, 10, '2020-11-15', 5, '2020-12-15'), (1082, 10, '2021-09-09', 7, '2021-10-09'), (1084, 10, '2021-06-12', 1, '2021-07-12'), (1085, 10, '2020-02-07', 7, '2020-03-08'), (1088, 10, '2020-01-12', 3, '2020-02-11'), (1089, 10, '2020-07-24', 7, '2020-08-23'), (1095, 10, '2021-04-26', 8, '2021-05-26'), (1098, 10, '2021-06-26', 2, '2021-07-26'), (1099, 10, '2021-04-12', 6, '2021-05-12'), (1102, 10, '2021-01-23', 7, '2021-02-22'), (1103, 10, '2021-08-07', 2, '2021-09-06'), (1106, 10, '2021-09-05', 9, '2021-10-05'), (1107, 10, '2021-01-20', 1, '2021-02-19'), (1108, 10, '2020-05-18', 1, '2020-06-17'), (1111, 10, '2021-05-27', 3, '2021-06-26'), (1112, 10, '2020-06-23', 4, '2020-07-23'), (1118, 10, '2021-05-03', 9, '2021-06-02'), (1121, 10, '2021-06-18', 9, '2021-07-18'), (1124, 10, '2021-09-09', 7, '2021-10-09'), (1126, 10, '2020-10-28', 2, '2020-11-27'), (1127, 10, '2020-01-05', 8, '2020-02-04'), (1128, 10, '2020-10-14', 4, '2020-11-13'), (1130, 10, '2020-10-03', 9, '2020-11-02'), (1139, 10, '2020-08-29', 2, '2020-09-28'), (1141, 10, '2020-03-20', 5, '2020-04-19'), (1146, 10, '2020-09-18', 3, '2020-10-18'), (1151, 10, '2020-10-18', 1, '2020-11-17'), (1153, 10, '2020-06-22', 6, '2020-07-22'), (1159, 10, '2020-06-24', 4, '2020-07-24'), (1164, 10, '2021-10-03', 7, '2021-11-02'), (1165, 10, '2021-08-21', 8, '2021-09-20'), (1166, 10, '2021-07-25', 8, '2021-08-24'), (1167, 10, '2021-04-06', 8, '2021-05-06'), (1168, 10, '2021-01-30', 5, '2021-03-01'), (1173, 10, '2020-07-02', 9, '2020-08-01'), (1176, 10, '2021-07-25', 7, '2021-08-24'), (1184, 10, '2020-10-26', 8, '2020-11-25'), (1185, 10, '2020-05-22', 3, '2020-06-21'), (1186, 10, '2021-12-17', 6, '2022-01-16'), (1187, 10, '2021-10-12', 8, '2021-11-11'), (1188, 10, '2021-04-07', 6, '2021-05-07'), (1190, 10, '2020-08-28', 3, '2020-09-27'), (1193, 10, '2021-05-28', 7, '2021-06-27'), (1197, 10, '2020-02-05', 8, '2020-03-06'), (1201, 10, '2021-06-24', 5, '2021-07-24'), (1203, 10, '2021-04-27', 7, '2021-05-27'), (1205, 10, '2020-05-19', 5, '2020-06-18'), (1206, 10, '2021-03-13', 8, '2021-04-12'), (1209, 10, '2021-04-22', 2, '2021-05-22'), (1210, 10, '2020-06-29', 4, '2020-07-29'), (1215, 10, '2020-11-24', 8, '2020-12-24'), (1217, 10, '2020-07-10', 2, '2020-08-09'), (1219, 10, '2020-10-04', 4, '2020-11-03'), (1221, 10, '2020-04-14', 7, '2020-05-14'), (1222, 10, '2020-12-11', 4, '2021-01-10'), (1226, 10, '2021-02-10', 4, '2021-03-12'), (1228, 10, '2020-06-02', 2, '2020-07-02'), (1229, 10, '2021-09-14', 2, '2021-10-14'), (1231, 10, '2021-01-23', 10, '2021-02-22'), (1234, 10, '2021-02-16', 8, '2021-03-18'), (1238, 10, '2020-03-14', 9, '2020-04-13'), (1240, 10, '2020-03-28', 10, '2020-04-27'), (1241, 10, '2020-04-06', 4, '2020-05-06'), (1242, 10, '2021-11-16', 4, '2021-12-16'), (1245, 10, '2021-01-12', 9, '2021-02-11'), (1247, 10, '2020-09-18', 8, '2020-10-18'), (1251, 10, '2020-10-14', 9, '2020-11-13'), (1253, 10, '2021-01-17', 2, '2021-02-16'), (1260, 10, '2020-02-13', 10, '2020-03-14'), (1261, 10, '2021-03-22', 6, '2021-04-21'), (1262, 10, '2021-06-11', 8, '2021-07-11'), (1266, 10, '2020-03-15', 7, '2020-04-14'), (1268, 10, '2020-10-03', 5, '2020-11-02'), (1269, 10, '2021-12-10', 10, '2022-01-09'), (1270, 10, '2020-02-23', 8, '2020-03-24'), (1272, 10, '2021-10-26', 2, '2021-11-25'), (1274, 10, '2021-01-29', 4, '2021-02-28'), (1275, 10, '2021-05-23', 1, '2021-06-22'), (1276, 10, '2020-02-11', 6, '2020-03-12'), (1277, 10, '2020-05-19', 7, '2020-06-18'), (1280, 10, '2021-09-17', 2, '2021-10-17'), (1281, 10, '2020-11-18', 2, '2020-12-18'), (1283, 10, '2020-07-30', 7, '2020-08-29'), (1285, 10, '2021-04-10', 10, '2021-05-10'), (1289, 10, '2020-09-22', 9, '2020-10-22'), (1290, 10, '2020-06-15', 9, '2020-07-15'), (1293, 10, '2021-02-15', 4, '2021-03-17'), (1295, 10, '2021-05-16', 8, '2021-06-15'), (1299, 10, '2021-11-06', 4, '2021-12-06'), (1300, 10, '2021-11-13', 5, '2021-12-13'), (1304, 10, '2020-12-12', 9, '2021-01-11'), (1310, 10, '2020-01-20', 4, '2020-02-19'), (1313, 10, '2020-03-15', 5, '2020-04-14'), (1317, 10, '2021-06-11', 8, '2021-07-11'), (1318, 10, '2021-07-23', 7, '2021-08-22'), (1319, 10, '2020-08-23', 7, '2020-09-22'), (1320, 10, '2021-03-23', 4, '2021-04-22'), (1321, 10, '2020-11-18', 5, '2020-12-18'), (1322, 10, '2020-10-30', 5, '2020-11-29'), (1323, 10, '2020-12-27', 3, '2021-01-26'), (1326, 10, '2020-08-02', 5, '2020-09-01'), (1329, 10, '2021-02-26', 8, '2021-03-28'), (1331, 10, '2021-10-21', 9, '2021-11-20'), (1336, 10, '2020-01-13', 8, '2020-02-12'), (1340, 10, '2020-07-25', 5, '2020-08-24'), (1341, 10, '2020-02-15', 7, '2020-03-16'), (1342, 10, '2020-07-20', 6, '2020-08-19'), (1344, 10, '2021-01-12', 6, '2021-02-11'), (1345, 10, '2021-04-05', 1, '2021-05-05'), (1346, 10, '2020-08-30', 3, '2020-09-29'), (1347, 10, '2021-06-01', 7, '2021-07-01'), (1349, 10, '2020-06-06', 7, '2020-07-06'), (1353, 10, '2020-12-15', 6, '2021-01-14'), (1354, 10, '2020-07-06', 8, '2020-08-05'), (1355, 10, '2020-04-30', 1, '2020-05-30'), (1358, 10, '2021-02-19', 8, '2021-03-21'), (1361, 10, '2021-04-22', 3, '2021-05-22'), (1364, 10, '2021-11-08', 1, '2021-12-08'), (1369, 10, '2020-12-18', 9, '2021-01-17'), (1371, 10, '2020-02-07', 5, '2020-03-08'), (1373, 10, '2021-09-23', 1, '2021-10-23'), (1376, 10, '2020-07-16', 7, '2020-08-15'), (1377, 10, '2021-10-22', 9, '2021-11-21'), (1379, 10, '2020-03-19', 3, '2020-04-18'), (1380, 10, '2021-09-24', 4, '2021-10-24'), (1382, 10, '2021-03-02', 3, '2021-04-01'), (1389, 10, '2020-06-30', 3, '2020-07-30'), (1393, 10, '2020-06-09', 5, '2020-07-09'), (1394, 10, '2020-06-19', 9, '2020-07-19'), (1396, 10, '2021-06-05', 3, '2021-07-05'), (1397, 10, '2021-06-07', 6, '2021-07-07'), (1399, 10, '2021-05-10', 1, '2021-06-09'), (1401, 10, '2021-09-21', 1, '2021-10-21'), (1404, 10, '2020-08-01', 4, '2020-08-31'), (1406, 10, '2021-06-01', 3, '2021-07-01'), (1407, 10, '2021-08-23', 6, '2021-09-22'), (1410, 10, '2021-02-23', 3, '2021-03-25'), (1417, 10, '2020-09-14', 4, '2020-10-14'), (1419, 10, '2021-01-19', 5, '2021-02-18'), (1420, 10, '2021-11-01', 9, '2021-12-01'), (1422, 10, '2021-11-25', 6, '2021-12-25'), (1425, 10, '2020-04-10', 3, '2020-05-10'), (1429, 10, '2021-12-03', 4, '2022-01-02'), (1439, 10, '2020-01-14', 6, '2020-02-13'), (1440, 10, '2021-07-30', 2, '2021-08-29'), (1443, 10, '2021-05-16', 1, '2021-06-15'), (1445, 10, '2020-08-06', 4, '2020-09-05'), (1448, 10, '2021-05-20', 8, '2021-06-19'), (1451, 10, '2020-09-17', 1, '2020-10-17'), (1453, 10, '2021-10-11', 8, '2021-11-10'), (1454, 10, '2020-05-17', 1, '2020-06-16'), (1461, 10, '2021-02-18', 10, '2021-03-20'), (1464, 10, '2021-03-31', 9, '2021-04-30'), (1470, 10, '2020-11-02', 9, '2020-12-02'), (1476, 10, '2021-05-16', 6, '2021-06-15'), (1478, 10, '2020-12-01', 3, '2020-12-31'), (1480, 10, '2021-07-30', 7, '2021-08-29'), (1481, 10, '2020-03-18', 4, '2020-04-17'), (1483, 10, '2020-01-02', 3, '2020-02-01'), (1485, 10, '2020-03-01', 2, '2020-03-31'), (1486, 10, '2021-05-29', 4, '2021-06-28'), (1487, 10, '2021-10-10', 6, '2021-11-09'), (1488, 10, '2020-11-20', 1, '2020-12-20'), (1491, 10, '2020-04-16', 6, '2020-05-16'), (1493, 10, '2021-07-09', 2, '2021-08-08'), (1494, 10, '2021-06-19', 3, '2021-07-19'), (1496, 10, '2020-09-28', 1, '2020-10-28'), (1497, 10, '2020-01-15', 4, '2020-02-14'), (1500, 10, '2021-02-03', 3, '2021-03-05'), (1501, 10, '2021-03-25', 3, '2021-04-24'), (1502, 10, '2020-11-26', 2, '2020-12-26'), (1506, 10, '2021-07-23', 3, '2021-08-22'), (1512, 10, '2021-08-13', 4, '2021-09-12'), (1513, 10, '2020-08-19', 4, '2020-09-18'), (1515, 10, '2021-07-15', 5, '2021-08-14'), (1516, 10, '2021-11-02', 9, '2021-12-02'), (1518, 10, '2020-04-17', 9, '2020-05-17'), (1528, 10, '2020-01-11', 9, '2020-02-10'), (1530, 10, '2020-11-17', 4, '2020-12-17');
INSERT INTO `Rents` (`Id_rental`, `Id_movie`, `Rent_date`, `Id_user`, `Rent_expiration`) VALUES (1532, 10, '2021-10-29', 8, '2021-11-28'), (1535, 10, '2020-11-05', 4, '2020-12-05'), (1538, 10, '2021-03-17', 2, '2021-04-16'), (1544, 10, '2021-12-11', 10, '2022-01-10'), (1545, 10, '2021-10-23', 8, '2021-11-22'), (1546, 10, '2020-02-29', 6, '2020-03-30'), (1547, 10, '2020-01-21', 4, '2020-02-20'), (1549, 10, '2020-08-07', 9, '2020-09-06'), (1562, 10, '2021-01-04', 5, '2021-02-03'), (1563, 10, '2020-12-23', 6, '2021-01-22'), (1570, 10, '2020-09-15', 5, '2020-10-15'), (1571, 10, '2021-04-24', 8, '2021-05-24'), (1572, 10, '2020-08-23', 1, '2020-09-22'), (1578, 10, '2021-09-24', 4, '2021-10-24'), (1581, 10, '2020-11-03', 5, '2020-12-03'), (1587, 10, '2020-05-16', 5, '2020-06-15'), (1588, 10, '2020-07-30', 9, '2020-08-29'), (1589, 10, '2020-09-17', 5, '2020-10-17'), (1592, 10, '2021-08-17', 4, '2021-09-16'), (1593, 10, '2020-01-20', 9, '2020-02-19'), (1595, 10, '2020-03-12', 5, '2020-04-11'), (1596, 10, '2021-10-11', 4, '2021-11-10'), (1600, 10, '2020-02-27', 3, '2020-03-28'), (1601, 10, '2020-04-29', 9, '2020-05-29'), (1602, 10, '2021-04-14', 3, '2021-05-14'), (1607, 10, '2020-01-02', 4, '2020-02-01'), (1615, 10, '2020-05-04', 1, '2020-06-03'), (1624, 10, '2020-04-17', 8, '2020-05-17'), (1630, 10, '2021-06-25', 2, '2021-07-25'), (1631, 10, '2021-08-02', 7, '2021-09-01'), (1632, 10, '2020-10-23', 2, '2020-11-22'), (1634, 10, '2020-03-23', 7, '2020-04-22'), (1647, 10, '2021-05-30', 5, '2021-06-29'), (1650, 10, '2021-06-17', 7, '2021-07-17'), (1653, 10, '2021-07-09', 7, '2021-08-08'), (1656, 10, '2020-05-24', 9, '2020-06-23'), (1657, 10, '2020-09-12', 2, '2020-10-12'), (1659, 10, '2021-08-15', 9, '2021-09-14'), (1664, 10, '2021-07-17', 7, '2021-08-16'), (1669, 10, '2020-03-31', 8, '2020-04-30'), (1670, 10, '2020-12-25', 1, '2021-01-24'), (1673, 10, '2021-12-12', 8, '2022-01-11'), (1675, 10, '2021-09-19', 5, '2021-10-19'), (1676, 10, '2020-05-02', 4, '2020-06-01'), (1677, 10, '2021-06-20', 4, '2021-07-20'), (1680, 10, '2021-06-26', 3, '2021-07-26'), (1681, 10, '2021-03-19', 8, '2021-04-18'), (1683, 10, '2020-06-11', 7, '2020-07-11'), (1684, 10, '2021-09-28', 6, '2021-10-28'), (1685, 10, '2020-11-13', 1, '2020-12-13'), (1686, 10, '2020-07-12', 3, '2020-08-11'), (1687, 10, '2020-09-20', 6, '2020-10-20'), (1688, 10, '2020-05-18', 3, '2020-06-17'), (1697, 10, '2021-02-10', 3, '2021-03-12'), (1702, 10, '2020-01-23', 9, '2020-02-22'), (1703, 10, '2020-09-19', 7, '2020-10-19'), (1705, 10, '2021-08-07', 8, '2021-09-06'), (1706, 10, '2021-05-12', 9, '2021-06-11'), (1708, 10, '2020-06-29', 9, '2020-07-29'), (1714, 10, '2020-02-13', 1, '2020-03-14'), (1716, 10, '2020-03-18', 8, '2020-04-17'), (1717, 10, '2020-10-09', 3, '2020-11-08'), (1718, 10, '2021-09-29', 3, '2021-10-29'), (1722, 10, '2021-01-10', 5, '2021-02-09'), (1724, 10, '2021-11-22', 9, '2021-12-22'), (1727, 10, '2021-09-09', 5, '2021-10-09'), (1728, 10, '2020-11-09', 6, '2020-12-09'), (1732, 10, '2020-12-06', 5, '2021-01-05'), (1733, 10, '2021-10-01', 8, '2021-10-31'), (1736, 10, '2021-09-28', 8, '2021-10-28'), (1737, 10, '2020-09-21', 7, '2020-10-21'), (1738, 10, '2021-12-13', 3, '2022-01-12'), (1740, 10, '2021-05-08', 4, '2021-06-07'), (1742, 10, '2021-08-20', 9, '2021-09-19'), (1743, 10, '2021-01-17', 6, '2021-02-16'), (1744, 10, '2020-11-17', 6, '2020-12-17'), (1746, 10, '2021-08-27', 8, '2021-09-26'), (1749, 10, '2020-07-28', 4, '2020-08-27'), (1750, 10, '2021-08-25', 8, '2021-09-24'), (1751, 10, '2020-03-29', 9, '2020-04-28'), (1752, 10, '2021-02-14', 6, '2021-03-16'), (1754, 10, '2020-04-10', 8, '2020-05-10'), (1756, 10, '2020-11-05', 2, '2020-12-05'), (1759, 10, '2021-05-01', 7, '2021-05-31'), (1765, 10, '2021-02-14', 2, '2021-03-16'), (1769, 10, '2021-10-15', 1, '2021-11-14'), (1772, 10, '2020-03-20', 4, '2020-04-19'), (1773, 10, '2020-12-30', 8, '2021-01-29'), (1774, 10, '2021-04-10', 3, '2021-05-10'), (1775, 10, '2021-02-18', 3, '2021-03-20'), (1776, 10, '2020-04-27', 7, '2020-05-27'), (1778, 10, '2020-11-10', 7, '2020-12-10'), (1779, 10, '2021-09-29', 9, '2021-10-29'), (1781, 10, '2020-03-02', 8, '2020-04-01'), (1784, 10, '2020-04-01', 7, '2020-05-01'), (1788, 10, '2021-12-21', 5, '2022-01-20'), (1790, 10, '2021-11-20', 4, '2021-12-20'), (1792, 10, '2020-09-22', 9, '2020-10-22'), (1795, 10, '2021-03-07', 6, '2021-04-06'), (1797, 10, '2020-07-06', 7, '2020-08-05'), (1799, 10, '2021-08-15', 5, '2021-09-14'), (1801, 10, '2021-08-05', 9, '2021-09-04'), (1805, 10, '2020-06-20', 4, '2020-07-20'), (1809, 10, '2020-12-30', 4, '2021-01-29'), (1814, 10, '2020-02-11', 7, '2020-03-12'), (1816, 10, '2021-12-10', 9, '2022-01-09'), (1817, 10, '2020-05-17', 3, '2020-06-16'), (1818, 10, '2020-04-14', 3, '2020-05-14'), (1820, 10, '2021-02-26', 2, '2021-03-28'), (1824, 10, '2021-05-15', 8, '2021-06-14'), (1825, 10, '2021-08-23', 8, '2021-09-22'), (1833, 10, '2020-01-05', 10, '2020-02-04'), (1835, 10, '2021-02-13', 8, '2021-03-15'), (1838, 10, '2020-04-30', 6, '2020-05-30'), (1840, 10, '2021-10-19', 8, '2021-11-18'), (1842, 10, '2021-05-29', 7, '2021-06-28'), (1843, 10, '2021-07-16', 5, '2021-08-15'), (1846, 10, '2020-12-20', 7, '2021-01-19'), (1847, 10, '2021-03-10', 4, '2021-04-09'), (1849, 10, '2020-09-02', 7, '2020-10-02'), (1855, 10, '2020-12-07', 9, '2021-01-06'), (1856, 10, '2021-08-01', 9, '2021-08-31'), (1860, 10, '2020-04-27', 2, '2020-05-27'), (1861, 10, '2020-02-02', 5, '2020-03-03'), (1863, 10, '2021-08-18', 5, '2021-09-17'), (1864, 10, '2020-11-27', 8, '2020-12-27'), (1868, 10, '2021-10-21', 3, '2021-11-20'), (1870, 10, '2020-12-19', 3, '2021-01-18'), (1872, 10, '2021-02-26', 10, '2021-03-28'), (1874, 10, '2021-11-22', 3, '2021-12-22'), (1875, 10, '2020-12-16', 8, '2021-01-15'), (1876, 10, '2020-03-27', 9, '2020-04-26'), (1878, 10, '2020-02-23', 3, '2020-03-24'), (1883, 10, '2021-03-20', 6, '2021-04-19'), (1887, 10, '2020-09-12', 6, '2020-10-12'), (1891, 10, '2021-09-10', 6, '2021-10-10'), (1894, 10, '2021-05-29', 3, '2021-06-28'), (1900, 10, '2021-02-08', 8, '2021-03-10'), (1902, 10, '2020-05-24', 5, '2020-06-23'), (1904, 10, '2021-05-04', 7, '2021-06-03'), (1905, 10, '2020-04-01', 5, '2020-05-01'), (1906, 10, '2021-09-09', 2, '2021-10-09'), (1908, 10, '2020-06-04', 4, '2020-07-04'), (1912, 10, '2021-10-02', 3, '2021-11-01'), (1917, 10, '2020-05-12', 9, '2020-06-11'), (1919, 10, '2020-09-11', 7, '2020-10-11'), (1920, 10, '2021-06-30', 6, '2021-07-30'), (1921, 10, '2021-08-28', 9, '2021-09-27'), (1923, 10, '2020-10-31', 8, '2020-11-30'), (1926, 10, '2020-02-09', 5, '2020-03-10'), (1928, 10, '2020-03-29', 6, '2020-04-28'), (1929, 10, '2020-11-15', 5, '2020-12-15'), (1931, 10, '2021-07-14', 5, '2021-08-13'), (1932, 10, '2021-06-08', 7, '2021-07-08'), (1934, 10, '2020-08-18', 4, '2020-09-17'), (1936, 10, '2021-03-07', 9, '2021-04-06'), (1941, 10, '2020-09-24', 2, '2020-10-24'), (1943, 10, '2020-11-14', 8, '2020-12-14'), (1945, 10, '2021-07-10', 4, '2021-08-09'), (1947, 10, '2020-06-03', 1, '2020-07-03'), (1952, 10, '2021-10-10', 1, '2021-11-09'), (1956, 10, '2021-01-21', 1, '2021-02-20'), (1957, 10, '2020-02-21', 8, '2020-03-22'), (1959, 10, '2020-05-07', 6, '2020-06-06'), (1962, 10, '2021-09-30', 5, '2021-10-30'), (1965, 10, '2021-04-17', 3, '2021-05-17'), (1966, 10, '2021-05-18', 8, '2021-06-17'), (1968, 10, '2020-07-14', 8, '2020-08-13'), (1971, 10, '2021-02-02', 8, '2021-03-04'), (1973, 10, '2020-08-03', 9, '2020-09-02'), (1974, 10, '2020-02-19', 9, '2020-03-20'), (1975, 10, '2021-02-17', 4, '2021-03-19'), (1978, 10, '2021-04-27', 6, '2021-05-27'), (1979, 10, '2021-08-20', 3, '2021-09-19'), (1984, 10, '2021-04-29', 3, '2021-05-29'), (1987, 10, '2020-04-10', 3, '2020-05-10'), (1997, 10, '2021-08-11', 8, '2021-09-10'), (2000, 10, '2020-11-27', 2, '2020-12-27'), (2002, 10, '2020-11-08', 3, '2020-12-08'), (2003, 10, '2021-05-22', 2, '2021-06-21'), (2004, 10, '2020-05-16', 8, '2020-06-15'), (2005, 10, '2020-04-07', 8, '2020-05-07'), (2006, 10, '2021-12-01', 5, '2021-12-31'), (2007, 10, '2021-10-11', 5, '2021-11-10'), (2010, 10, '2020-07-14', 6, '2020-08-13'), (2012, 10, '2021-04-16', 6, '2021-05-16'), (2017, 10, '2020-12-12', 9, '2021-01-11'), (2020, 10, '2020-08-23', 2, '2020-09-22'), (2021, 10, '2020-03-05', 6, '2020-04-04'), (2026, 10, '2021-08-17', 9, '2021-09-16'), (2027, 10, '2021-11-14', 5, '2021-12-14'), (2029, 10, '2020-11-30', 3, '2020-12-30'), (2032, 10, '2021-12-15', 6, '2022-01-14'), (2033, 10, '2021-09-10', 4, '2021-10-10'), (2034, 10, '2020-03-15', 3, '2020-04-14'), (2035, 10, '2020-09-06', 6, '2020-10-06'), (2038, 10, '2020-06-16', 7, '2020-07-16'), (2039, 10, '2020-04-18', 8, '2020-05-18'), (2040, 10, '2020-04-01', 1, '2020-05-01'), (2041, 10, '2020-09-14', 8, '2020-10-14'), (2044, 10, '2020-04-08', 5, '2020-05-08'), (2046, 10, '2020-07-05', 4, '2020-08-04'), (2047, 10, '2021-06-23', 5, '2021-07-23'), (2048, 10, '2020-02-24', 1, '2020-03-25'), (2049, 10, '2020-07-07', 9, '2020-08-06'), (2050, 10, '2020-11-19', 9, '2020-12-19'), (2051, 10, '2021-10-23', 10, '2021-11-22'), (2052, 10, '2020-10-02', 1, '2020-11-01'), (2055, 10, '2021-02-20', 4, '2021-03-22'), (2056, 10, '2021-08-10', 6, '2021-09-09'), (2057, 10, '2021-12-24', 4, '2022-01-23'), (2059, 10, '2021-09-12', 10, '2021-10-12'), (2060, 10, '2020-03-11', 5, '2020-04-10'), (2061, 10, '2021-02-25', 3, '2021-03-27'), (2073, 10, '2020-11-09', 10, '2020-12-09'), (2074, 10, '2020-05-10', 8, '2020-06-09'), (2075, 10, '2020-11-27', 5, '2020-12-27'), (2077, 10, '2021-01-25', 3, '2021-02-24'), (2079, 10, '2021-06-14', 2, '2021-07-14'), (2081, 10, '2021-03-18', 1, '2021-04-17'), (2082, 10, '2021-05-05', 1, '2021-06-04'), (2084, 10, '2020-03-11', 8, '2020-04-10'), (2085, 10, '2021-03-23', 4, '2021-04-22'), (2086, 10, '2020-01-04', 7, '2020-02-03'), (2087, 10, '2020-12-24', 8, '2021-01-23'), (2089, 10, '2020-01-28', 2, '2020-02-27'), (2091, 10, '2020-01-15', 7, '2020-02-14'), (2093, 10, '2021-12-12', 5, '2022-01-11'), (2094, 10, '2021-05-26', 6, '2021-06-25'), (2095, 10, '2020-05-19', 9, '2020-06-18'), (2096, 10, '2021-06-30', 5, '2021-07-30'), (2097, 10, '2020-05-08', 5, '2020-06-07'), (2101, 10, '2020-04-02', 7, '2020-05-02'), (2102, 10, '2021-05-25', 10, '2021-06-24'), (2104, 10, '2020-03-19', 2, '2020-04-18'), (2109, 10, '2020-04-26', 3, '2020-05-26'), (2113, 10, '2021-06-04', 5, '2021-07-04'), (2114, 10, '2021-03-07', 6, '2021-04-06'), (2116, 10, '2020-03-24', 2, '2020-04-23'), (2117, 10, '2020-07-11', 5, '2020-08-10'), (2118, 10, '2021-10-17', 4, '2021-11-16'), (2121, 10, '2021-03-19', 9, '2021-04-18'), (2122, 10, '2021-01-29', 4, '2021-02-28'), (2123, 10, '2021-03-03', 7, '2021-04-02'), (2126, 10, '2021-09-04', 3, '2021-10-04'), (2128, 10, '2021-07-21', 3, '2021-08-20'), (2130, 10, '2021-05-12', 4, '2021-06-11'), (2132, 10, '2020-08-17', 5, '2020-09-16'), (2133, 10, '2020-01-22', 6, '2020-02-21'), (2134, 10, '2020-12-01', 5, '2020-12-31'), (2135, 10, '2020-02-17', 9, '2020-03-18'), (2138, 10, '2020-03-04', 3, '2020-04-03'), (2139, 10, '2021-09-25', 7, '2021-10-25'), (2141, 10, '2021-11-15', 10, '2021-12-15'), (2145, 10, '2020-05-17', 9, '2020-06-16'), (2146, 10, '2020-11-11', 7, '2020-12-11'), (2148, 10, '2020-07-22', 9, '2020-08-21'), (2149, 10, '2021-09-04', 9, '2021-10-04'), (2153, 10, '2021-06-21', 7, '2021-07-21'), (2154, 10, '2021-05-21', 7, '2021-06-20'), (2155, 10, '2020-06-17', 8, '2020-07-17'), (2156, 10, '2021-07-15', 6, '2021-08-14'), (2160, 10, '2020-06-23', 4, '2020-07-23'), (2161, 10, '2020-05-28', 3, '2020-06-27'), (2162, 10, '2021-07-24', 3, '2021-08-23'), (2163, 10, '2020-07-09', 7, '2020-08-08'), (2164, 10, '2021-06-17', 4, '2021-07-17'), (2165, 10, '2020-05-24', 10, '2020-06-23'), (2166, 10, '2021-04-13', 3, '2021-05-13'), (2167, 10, '2020-07-04', 8, '2020-08-03'), (2168, 10, '2020-08-01', 4, '2020-08-31'), (2171, 10, '2021-01-28', 7, '2021-02-27'), (2172, 10, '2020-04-29', 8, '2020-05-29'), (2173, 10, '2020-07-17', 9, '2020-08-16'), (2175, 10, '2021-04-22', 6, '2021-05-22'), (2179, 10, '2021-06-10', 5, '2021-07-10'), (2180, 10, '2020-12-29', 2, '2021-01-28'), (2182, 10, '2021-02-19', 9, '2021-03-21'), (2183, 10, '2020-09-23', 1, '2020-10-23'), (2184, 10, '2020-05-03', 5, '2020-06-02'), (2189, 10, '2020-11-20', 8, '2020-12-20'), (2190, 10, '2021-11-03', 1, '2021-12-03'), (2192, 10, '2021-10-24', 8, '2021-11-23'), (2194, 10, '2021-04-24', 4, '2021-05-24'), (2195, 10, '2020-01-13', 2, '2020-02-12'), (2198, 10, '2020-12-12', 4, '2021-01-11'), (2200, 10, '2021-03-05', 6, '2021-04-04'), (2202, 10, '2021-09-28', 4, '2021-10-28'), (2203, 10, '2020-02-09', 8, '2020-03-10'), (2205, 10, '2020-05-26', 7, '2020-06-25'), (2206, 10, '2020-11-24', 5, '2020-12-24'), (2207, 10, '2021-02-06', 6, '2021-03-08'), (2208, 10, '2021-10-22', 2, '2021-11-21'), (2213, 10, '2021-10-30', 4, '2021-11-29'), (2214, 10, '2020-03-16', 8, '2020-04-15'), (2215, 10, '2020-11-30', 8, '2020-12-30'), (2218, 10, '2020-06-02', 5, '2020-07-02'), (2225, 10, '2020-06-12', 9, '2020-07-12'), (2226, 10, '2020-12-09', 4, '2021-01-08'), (2227, 10, '2021-12-14', 2, '2022-01-13'), (2229, 10, '2020-08-18', 4, '2020-09-17'), (2231, 10, '2021-01-19', 7, '2021-02-18'), (2232, 10, '2021-02-11', 2, '2021-03-13'), (2233, 10, '2020-03-18', 5, '2020-04-17'), (2235, 10, '2020-01-18', 6, '2020-02-17'), (2236, 10, '2020-06-16', 5, '2020-07-16'), (2240, 10, '2020-10-17', 7, '2020-11-16'), (2241, 10, '2020-06-21', 5, '2020-07-21'), (2242, 10, '2021-01-16', 4, '2021-02-15'), (2247, 10, '2020-09-02', 6, '2020-10-02'), (2248, 10, '2020-04-21', 3, '2020-05-21'), (2249, 10, '2020-04-11', 9, '2020-05-11'), (2250, 10, '2021-06-08', 7, '2021-07-08'), (2251, 10, '2021-08-02', 9, '2021-09-01'), (2252, 10, '2021-10-23', 10, '2021-11-22'), (2253, 10, '2021-12-29', 9, '2022-01-28'), (2256, 10, '2021-01-18', 5, '2021-02-17'), (2260, 10, '2021-07-06', 2, '2021-08-05'), (2262, 10, '2021-06-17', 10, '2021-07-17'), (2263, 10, '2020-04-23', 9, '2020-05-23'), (2265, 10, '2020-12-08', 1, '2021-01-07'), (2267, 10, '2021-09-23', 3, '2021-10-23'), (2270, 10, '2021-07-01', 2, '2021-07-31'), (2271, 10, '2021-04-12', 5, '2021-05-12'), (2272, 10, '2020-02-01', 1, '2020-03-02'), (2274, 10, '2021-04-11', 6, '2021-05-11'), (2276, 10, '2020-09-12', 5, '2020-10-12'), (2280, 10, '2020-02-15', 2, '2020-03-16'), (2281, 10, '2020-04-06', 2, '2020-05-06'), (2282, 10, '2021-04-28', 2, '2021-05-28'), (2283, 10, '2020-08-24', 3, '2020-09-23'), (2285, 10, '2020-04-08', 8, '2020-05-08'), (2287, 10, '2020-02-17', 4, '2020-03-18'), (2288, 10, '2021-04-12', 6, '2021-05-12'), (2290, 10, '2021-11-29', 5, '2021-12-29'), (2291, 10, '2021-05-23', 2, '2021-06-22'), (2292, 10, '2020-11-14', 7, '2020-12-14'), (2293, 10, '2021-06-25', 4, '2021-07-25'), (2294, 10, '2020-09-17', 7, '2020-10-17'), (2295, 10, '2021-04-23', 7, '2021-05-23'), (2296, 10, '2021-09-10', 9, '2021-10-10'), (2298, 10, '2020-12-09', 10, '2021-01-08'), (2301, 10, '2021-01-11', 5, '2021-02-10'), (2306, 10, '2020-08-26', 10, '2020-09-25'), (2311, 10, '2021-12-16', 9, '2022-01-15'), (2316, 10, '2021-09-01', 7, '2021-10-01'), (2317, 10, '2021-12-24', 9, '2022-01-23'), (2321, 10, '2021-12-20', 5, '2022-01-19'), (2322, 10, '2020-12-01', 2, '2020-12-31'), (2323, 10, '2021-02-26', 2, '2021-03-28'), (2324, 10, '2020-03-05', 8, '2020-04-04'), (2330, 10, '2021-04-14', 5, '2021-05-14'), (2331, 10, '2021-04-19', 8, '2021-05-19'), (2334, 10, '2021-02-07', 3, '2021-03-09'), (2336, 10, '2020-03-04', 4, '2020-04-03'), (2337, 10, '2021-03-19', 2, '2021-04-18'), (2338, 10, '2021-03-08', 8, '2021-04-07'), (2339, 10, '2021-01-05', 3, '2021-02-04'), (2341, 10, '2020-02-20', 6, '2020-03-21'), (2351, 10, '2020-03-16', 8, '2020-04-15'), (2352, 10, '2020-08-09', 3, '2020-09-08'), (2354, 10, '2020-02-19', 2, '2020-03-20'), (2357, 10, '2021-06-06', 6, '2021-07-06'), (2359, 10, '2021-02-27', 4, '2021-03-29'), (2362, 10, '2021-12-02', 9, '2022-01-01'), (2364, 10, '2020-06-04', 10, '2020-07-04'), (2365, 10, '2020-07-27', 6, '2020-08-26'), (2367, 10, '2021-03-17', 3, '2021-04-16'), (2368, 10, '2021-08-06', 5, '2021-09-05'), (2370, 10, '2020-07-30', 7, '2020-08-29'), (2372, 10, '2021-09-20', 3, '2021-10-20'), (2377, 10, '2021-04-19', 10, '2021-05-19'), (2380, 10, '2020-10-28', 9, '2020-11-27'), (2382, 10, '2021-11-16', 9, '2021-12-16'), (2384, 10, '2020-04-17', 7, '2020-05-17'), (2385, 10, '2021-02-16', 9, '2021-03-18'), (2386, 10, '2020-06-28', 9, '2020-07-28'), (2387, 10, '2021-05-17', 1, '2021-06-16'), (2389, 10, '2020-07-23', 3, '2020-08-22'), (2390, 10, '2021-05-03', 6, '2021-06-02'), (2395, 10, '2021-11-25', 2, '2021-12-25'), (2399, 10, '2021-02-13', 3, '2021-03-15'), (2402, 10, '2021-08-03', 9, '2021-09-02'), (2403, 10, '2021-11-22', 6, '2021-12-22'), (2405, 10, '2021-03-18', 5, '2021-04-17'), (2406, 10, '2021-08-19', 7, '2021-09-18'), (2407, 10, '2020-03-09', 4, '2020-04-08'), (2408, 10, '2020-06-02', 2, '2020-07-02'), (2409, 10, '2021-09-20', 10, '2021-10-20'), (2413, 10, '2021-08-25', 6, '2021-09-24'), (2415, 10, '2020-08-24', 5, '2020-09-23'), (2416, 10, '2020-09-19', 9, '2020-10-19'), (2418, 10, '2020-08-02', 9, '2020-09-01'), (2421, 10, '2021-08-21', 7, '2021-09-20'), (2424, 10, '2021-04-23', 4, '2021-05-23'), (2425, 10, '2020-06-16', 7, '2020-07-16'), (2426, 10, '2021-06-30', 10, '2021-07-30'), (2429, 10, '2020-10-18', 6, '2020-11-17'), (2432, 10, '2020-11-23', 4, '2020-12-23'), (2433, 10, '2021-08-24', 10, '2021-09-23'), (2434, 10, '2020-12-09', 7, '2021-01-08'), (2435, 10, '2020-04-27', 4, '2020-05-27'), (2438, 10, '2021-11-30', 8, '2021-12-30'), (2439, 10, '2021-06-02', 1, '2021-07-02'), (2440, 10, '2020-03-22', 8, '2020-04-21'), (2442, 10, '2021-06-15', 4, '2021-07-15'), (2443, 10, '2021-03-21', 3, '2021-04-20'), (2445, 10, '2021-06-27', 4, '2021-07-27'), (2449, 10, '2021-06-17', 2, '2021-07-17'), (2451, 10, '2020-12-04', 2, '2021-01-03'), (2453, 10, '2020-03-01', 2, '2020-03-31'), (2454, 10, '2021-12-25', 3, '2022-01-24'), (2455, 10, '2021-02-14', 2, '2021-03-16'), (2458, 10, '2020-06-16', 2, '2020-07-16'), (2462, 10, '2020-06-18', 2, '2020-07-18'), (2464, 10, '2021-02-19', 1, '2021-03-21'), (2465, 10, '2020-10-30', 5, '2020-11-29'), (2467, 10, '2020-09-19', 3, '2020-10-19'), (2468, 10, '2020-08-01', 8, '2020-08-31'), (2470, 10, '2020-05-06', 5, '2020-06-05'), (2472, 10, '2020-05-17', 7, '2020-06-16'), (2474, 10, '2021-04-19', 4, '2021-05-19'), (2475, 10, '2021-11-30', 1, '2021-12-30'), (2477, 10, '2020-11-28', 2, '2020-12-28'), (2479, 10, '2020-02-02', 8, '2020-03-03'), (2483, 10, '2021-01-20', 5, '2021-02-19'), (2486, 10, '2020-01-18', 3, '2020-02-17'), (2487, 10, '2020-12-13', 3, '2021-01-12'), (2488, 10, '2021-04-06', 8, '2021-05-06'), (2489, 10, '2020-03-07', 9, '2020-04-06'), (2490, 10, '2021-02-24', 2, '2021-03-26'), (2491, 10, '2020-01-03', 9, '2020-02-02'), (2492, 10, '2020-08-02', 8, '2020-09-01'), (2493, 10, '2020-07-12', 3, '2020-08-11'), (2494, 10, '2020-11-28', 2, '2020-12-28'), (2495, 10, '2021-06-03', 9, '2021-07-03'), (2498, 10, '2021-10-03', 5, '2021-11-02'), (2503, 10, '2020-08-24', 9, '2020-09-23'), (2506, 10, '2020-04-24', 6, '2020-05-24'), (2507, 10, '2020-11-25', 9, '2020-12-25'), (2509, 10, '2021-02-04', 7, '2021-03-06'), (2512, 10, '2020-09-25', 4, '2020-10-25'), (2513, 10, '2021-08-18', 2, '2021-09-17'), (2516, 10, '2020-01-08', 10, '2020-02-07'), (2517, 10, '2021-08-27', 1, '2021-09-26'), (2519, 10, '2021-04-22', 7, '2021-05-22'), (2525, 10, '2021-01-25', 5, '2021-02-24'), (2528, 10, '2020-07-05', 9, '2020-08-04'), (2532, 10, '2021-08-27', 3, '2021-09-26'), (2534, 10, '2020-08-17', 2, '2020-09-16'), (2536, 10, '2020-12-16', 7, '2021-01-15'), (2537, 10, '2021-04-03', 8, '2021-05-03'), (2538, 10, '2021-07-12', 7, '2021-08-11'), (2539, 10, '2020-07-15', 5, '2020-08-14'), (2540, 10, '2020-08-24', 8, '2020-09-23'), (2543, 10, '2020-02-02', 7, '2020-03-03'), (2544, 10, '2020-11-13', 2, '2020-12-13'), (2545, 10, '2020-10-12', 3, '2020-11-11'), (2546, 10, '2020-06-05', 7, '2020-07-05'), (2551, 10, '2021-04-08', 6, '2021-05-08'), (2552, 10, '2021-05-05', 4, '2021-06-04'), (2554, 10, '2021-09-06', 10, '2021-10-06'), (2555, 10, '2020-05-07', 2, '2020-06-06'), (2556, 10, '2020-02-02', 2, '2020-03-03'), (2557, 10, '2021-10-23', 5, '2021-11-22'), (2558, 10, '2020-04-28', 3, '2020-05-28'), (2559, 10, '2021-07-03', 5, '2021-08-02'), (2564, 10, '2021-01-17', 3, '2021-02-16'), (2568, 10, '2020-09-03', 7, '2020-10-03'), (2571, 10, '2020-01-30', 7, '2020-02-29'), (2573, 10, '2020-09-29', 9, '2020-10-29'), (2582, 10, '2021-09-02', 5, '2021-10-02'), (2586, 10, '2020-10-19', 3, '2020-11-18'), (2590, 10, '2021-10-17', 1, '2021-11-16'), (2592, 10, '2020-12-05', 7, '2021-01-04'), (2594, 10, '2021-04-07', 9, '2021-05-07'), (2596, 10, '2020-05-30', 6, '2020-06-29'), (2599, 10, '2021-01-19', 9, '2021-02-18'), (2601, 10, '2021-04-01', 6, '2021-05-01'), (2602, 10, '2020-11-24', 2, '2020-12-24'), (2605, 10, '2020-02-23', 8, '2020-03-24'), (2607, 10, '2020-11-14', 10, '2020-12-14'), (2609, 10, '2020-09-25', 2, '2020-10-25'), (2611, 10, '2020-03-26', 9, '2020-04-25'), (2613, 10, '2020-05-08', 3, '2020-06-07'), (2614, 10, '2020-12-30', 9, '2021-01-29'), (2615, 10, '2020-08-17', 4, '2020-09-16'), (2616, 10, '2021-04-01', 2, '2021-05-01'), (2618, 10, '2020-09-05', 1, '2020-10-05'), (2619, 10, '2021-07-18', 3, '2021-08-17'), (2625, 10, '2020-12-19', 9, '2021-01-18'), (2626, 10, '2021-10-19', 9, '2021-11-18'), (2634, 10, '2020-05-27', 7, '2020-06-26'), (2635, 10, '2020-02-24', 6, '2020-03-25'), (2639, 10, '2021-03-06', 10, '2021-04-05'), (2640, 10, '2020-06-04', 3, '2020-07-04'), (2642, 10, '2021-12-22', 3, '2022-01-21'), (2644, 10, '2021-08-18', 6, '2021-09-17'), (2646, 10, '2021-04-30', 2, '2021-05-30'), (2647, 10, '2020-04-22', 1, '2020-05-22'), (2650, 10, '2021-07-15', 3, '2021-08-14'), (2656, 10, '2020-12-07', 6, '2021-01-06'), (2657, 10, '2021-07-30', 10, '2021-08-29'), (2660, 10, '2021-11-01', 7, '2021-12-01'), (2661, 10, '2020-09-26', 9, '2020-10-26'), (2665, 10, '2020-03-12', 8, '2020-04-11'), (2667, 10, '2021-12-24', 3, '2022-01-23'), (2668, 10, '2020-05-17', 3, '2020-06-16'), (2672, 10, '2020-01-14', 2, '2020-02-13'), (2673, 10, '2021-08-12', 6, '2021-09-11'), (2675, 10, '2020-07-23', 6, '2020-08-22'), (2677, 10, '2020-02-21', 9, '2020-03-22'), (2678, 10, '2020-12-03', 6, '2021-01-02'), (2680, 10, '2021-02-14', 9, '2021-03-16'), (2681, 10, '2020-02-17', 4, '2020-03-18'), (2683, 10, '2020-07-08', 3, '2020-08-07'), (2685, 10, '2021-01-12', 1, '2021-02-11'), (2686, 10, '2021-04-20', 2, '2021-05-20'), (2687, 10, '2021-12-31', 3, '2022-01-30'), (2689, 10, '2020-03-08', 10, '2020-04-07'), (2690, 10, '2020-02-06', 3, '2020-03-07'), (2691, 10, '2021-11-23', 8, '2021-12-23'), (2692, 10, '2020-06-13', 5, '2020-07-13'), (2695, 10, '2020-12-01', 8, '2020-12-31'), (2696, 10, '2021-10-27', 5, '2021-11-26'), (2697, 10, '2021-03-17', 4, '2021-04-16'), (2698, 10, '2020-04-30', 3, '2020-05-30'), (2700, 10, '2020-02-06', 9, '2020-03-07'), (2701, 10, '2020-06-13', 10, '2020-07-13'), (2705, 10, '2021-06-05', 8, '2021-07-05'), (2707, 10, '2021-12-09', 5, '2022-01-08'), (2708, 10, '2020-04-03', 3, '2020-05-03'), (2710, 10, '2021-08-19', 7, '2021-09-18'), (2712, 10, '2021-01-20', 9, '2021-02-19'), (2713, 10, '2021-12-20', 4, '2022-01-19'), (2714, 10, '2020-06-02', 6, '2020-07-02'), (2715, 10, '2020-10-15', 2, '2020-11-14'), (2718, 10, '2021-09-30', 6, '2021-10-30'), (2719, 10, '2021-09-26', 8, '2021-10-26'), (2720, 10, '2020-08-14', 2, '2020-09-13'), (2725, 10, '2021-01-20', 6, '2021-02-19'), (2727, 10, '2021-07-18', 8, '2021-08-17'), (2728, 10, '2021-09-01', 8, '2021-10-01'), (2729, 10, '2020-01-19', 4, '2020-02-18'), (2732, 10, '2021-08-17', 5, '2021-09-16'), (2736, 10, '2021-03-24', 4, '2021-04-23'), (2737, 10, '2021-03-28', 4, '2021-04-27'), (2739, 10, '2020-06-19', 2, '2020-07-19'), (2740, 10, '2020-07-01', 5, '2020-07-31'), (2742, 10, '2021-01-11', 8, '2021-02-10'), (2743, 10, '2021-06-21', 7, '2021-07-21'), (2744, 10, '2020-07-13', 7, '2020-08-12'), (2746, 10, '2020-02-15', 2, '2020-03-16'), (2748, 10, '2021-07-01', 4, '2021-07-31'), (2751, 10, '2020-08-04', 2, '2020-09-03'), (2754, 10, '2021-11-06', 4, '2021-12-06'), (2756, 10, '2021-12-27', 9, '2022-01-26'), (2757, 10, '2021-10-20', 8, '2021-11-19'), (2758, 10, '2020-08-21', 4, '2020-09-20'), (2761, 10, '2021-01-13', 7, '2021-02-12'), (2762, 10, '2020-09-07', 10, '2020-10-07'), (2765, 10, '2020-01-28', 2, '2020-02-27'), (2767, 10, '2021-01-30', 7, '2021-03-01'), (2769, 10, '2021-06-20', 10, '2021-07-20'), (2772, 10, '2020-10-14', 2, '2020-11-13'), (2775, 10, '2021-10-23', 6, '2021-11-22'), (2776, 10, '2021-05-23', 4, '2021-06-22'), (2777, 10, '2020-11-05', 9, '2020-12-05'), (2785, 10, '2020-12-24', 4, '2021-01-23'), (2787, 10, '2020-04-01', 9, '2020-05-01'), (2790, 10, '2020-12-14', 7, '2021-01-13'), (2792, 10, '2021-05-05', 10, '2021-06-04'), (2793, 10, '2020-05-24', 4, '2020-06-23'), (2795, 10, '2020-12-20', 10, '2021-01-19'), (2796, 10, '2020-08-16', 10, '2020-09-15'), (2799, 10, '2021-05-20', 4, '2021-06-19'), (2800, 10, '2020-04-03', 5, '2020-05-03'), (2802, 10, '2021-05-24', 7, '2021-06-23'), (2803, 10, '2020-10-03', 9, '2020-11-02'), (2804, 10, '2020-04-20', 9, '2020-05-20'), (2806, 10, '2020-07-27', 1, '2020-08-26'), (2809, 10, '2021-01-06', 6, '2021-02-05'), (2812, 10, '2020-03-02', 3, '2020-04-01'), (2814, 10, '2021-11-28', 9, '2021-12-28'), (2818, 10, '2020-01-06', 6, '2020-02-05'), (2821, 10, '2021-10-01', 5, '2021-10-31'), (2822, 10, '2021-03-13', 8, '2021-04-12'), (2824, 10, '2021-03-01', 5, '2021-03-31'), (2827, 10, '2021-04-07', 3, '2021-05-07'), (2828, 10, '2020-07-05', 5, '2020-08-04'), (2829, 10, '2021-06-06', 10, '2021-07-06'), (2831, 10, '2020-02-26', 5, '2020-03-27'), (2833, 10, '2021-08-14', 6, '2021-09-13'), (2838, 10, '2020-03-11', 6, '2020-04-10'), (2843, 10, '2021-07-28', 6, '2021-08-27'), (2844, 10, '2021-08-06', 9, '2021-09-05'), (2845, 10, '2020-03-15', 4, '2020-04-14'), (2847, 10, '2020-09-14', 5, '2020-10-14'), (2849, 10, '2021-09-23', 7, '2021-10-23'), (2850, 10, '2021-02-08', 2, '2021-03-10'), (2854, 10, '2021-10-31', 10, '2021-11-30'), (2855, 10, '2021-08-06', 7, '2021-09-05'), (2857, 10, '2021-11-17', 6, '2021-12-17'), (2860, 10, '2020-03-20', 2, '2020-04-19'), (2862, 10, '2021-06-16', 2, '2021-07-16'), (2864, 10, '2020-07-18', 5, '2020-08-17'), (2865, 10, '2021-12-18', 7, '2022-01-17'), (2868, 10, '2020-09-15', 9, '2020-10-15'), (2869, 10, '2020-08-25', 6, '2020-09-24'), (2870, 10, '2020-04-27', 4, '2020-05-27'), (2872, 10, '2020-12-05', 9, '2021-01-04'), (2877, 10, '2020-01-18', 2, '2020-02-17'), (2879, 10, '2021-09-05', 6, '2021-10-05'), (2880, 10, '2021-06-10', 8, '2021-07-10'), (2882, 10, '2021-07-31', 9, '2021-08-30'), (2885, 10, '2020-07-05', 7, '2020-08-04'), (2886, 10, '2021-01-09', 7, '2021-02-08'), (2887, 10, '2020-02-02', 6, '2020-03-03'), (2888, 10, '2020-07-29', 9, '2020-08-28'), (2891, 10, '2021-11-09', 3, '2021-12-09'), (2892, 10, '2020-03-04', 5, '2020-04-03'), (2893, 10, '2020-12-14', 8, '2021-01-13'), (2898, 10, '2021-05-25', 5, '2021-06-24'), (2901, 10, '2021-07-14', 9, '2021-08-13'), (2902, 10, '2021-09-05', 7, '2021-10-05'), (2905, 10, '2020-02-27', 2, '2020-03-28'), (2906, 10, '2021-09-11', 3, '2021-10-11'), (2907, 10, '2021-10-19', 6, '2021-11-18'), (2909, 10, '2021-10-15', 5, '2021-11-14'), (2911, 10, '2021-06-12', 2, '2021-07-12'), (2912, 10, '2021-02-18', 5, '2021-03-20'), (2915, 10, '2021-09-20', 4, '2021-10-20'), (2916, 10, '2021-08-05', 4, '2021-09-04'), (2917, 10, '2021-09-18', 3, '2021-10-18'), (2918, 10, '2020-10-07', 6, '2020-11-06'), (2920, 10, '2021-12-16', 6, '2022-01-15'), (2921, 10, '2020-04-23', 2, '2020-05-23'), (2922, 10, '2021-06-26', 1, '2021-07-26'), (2923, 10, '2021-01-31', 9, '2021-03-02'), (2926, 10, '2020-01-31', 7, '2020-03-01'), (2928, 10, '2020-11-07', 3, '2020-12-07'), (2929, 10, '2021-04-15', 5, '2021-05-15'), (2931, 10, '2021-07-28', 3, '2021-08-27'), (2932, 10, '2020-10-08', 8, '2020-11-07'), (2933, 10, '2021-08-11', 4, '2021-09-10'), (2943, 10, '2020-12-16', 9, '2021-01-15'), (2945, 10, '2021-03-31', 4, '2021-04-30'), (2950, 10, '2020-09-26', 1, '2020-10-26'), (2951, 10, '2021-05-26', 3, '2021-06-25'), (2954, 10, '2020-07-18', 8, '2020-08-17'), (2956, 10, '2020-04-29', 5, '2020-05-29'), (2960, 10, '2021-12-24', 2, '2022-01-23'), (2961, 10, '2021-10-21', 3, '2021-11-20'), (2962, 10, '2020-11-13', 7, '2020-12-13'), (2963, 10, '2020-11-02', 6, '2020-12-02'), (2964, 10, '2021-10-08', 9, '2021-11-07'), (2965, 10, '2020-02-27', 5, '2020-03-28'), (2966, 10, '2021-02-12', 4, '2021-03-14'), (2967, 10, '2021-07-27', 2, '2021-08-26'), (2968, 10, '2021-04-14', 6, '2021-05-14'), (2970, 10, '2020-06-12', 7, '2020-07-12'), (2972, 10, '2020-07-21', 7, '2020-08-20'), (2974, 10, '2020-12-16', 6, '2021-01-15'), (2975, 10, '2020-08-30', 9, '2020-09-29'), (2980, 10, '2020-02-03', 3, '2020-03-04'), (2981, 10, '2021-07-09', 2, '2021-08-08'), (2983, 10, '2021-06-18', 3, '2021-07-18'), (2985, 10, '2020-10-18', 5, '2020-11-17'), (2987, 10, '2021-06-14', 7, '2021-07-14'), (2988, 10, '2021-04-18', 1, '2021-05-18'), (2989, 10, '2020-06-14', 9, '2020-07-14'), (2990, 10, '2020-10-24', 6, '2020-11-23'), (2993, 10, '2021-09-28', 7, '2021-10-28'), (2994, 10, '2021-03-26', 10, '2021-04-25'), (2995, 10, '2020-12-14', 4, '2021-01-13'), (2996, 10, '2020-05-05', 4, '2020-06-04'), (3001, 10, '2020-08-08', 9, '2020-09-07'), (3003, 10, '2021-07-12', 5, '2021-08-11'), (3004, 10, '2021-12-06', 3, '2022-01-05'), (3008, 10, '2021-11-06', 2, '2021-12-06'), (3009, 10, '2021-08-20', 4, '2021-09-19'), (3010, 10, '2020-06-26', 3, '2020-07-26'), (3011, 10, '2021-04-06', 10, '2021-05-06'), (3013, 10, '2021-03-10', 7, '2021-04-09'), (3014, 10, '2021-06-22', 8, '2021-07-22'), (3017, 10, '2020-04-21', 5, '2020-05-21'), (3019, 10, '2020-01-09', 6, '2020-02-08'), (3020, 10, '2021-03-31', 9, '2021-04-30'), (3022, 10, '2021-02-24', 10, '2021-03-26'), (3024, 10, '2021-03-22', 5, '2021-04-21'), (3025, 10, '2020-05-14', 5, '2020-06-13'), (3026, 10, '2020-08-01', 5, '2020-08-31'), (3030, 10, '2020-04-09', 8, '2020-05-09'), (3031, 10, '2021-04-23', 4, '2021-05-23'), (3032, 10, '2020-02-14', 4, '2020-03-15'), (3033, 10, '2020-07-15', 6, '2020-08-14'), (3034, 10, '2020-05-22', 7, '2020-06-21'), (3037, 10, '2020-09-26', 6, '2020-10-26'), (3039, 10, '2020-09-15', 2, '2020-10-15'), (3040, 10, '2021-05-23', 2, '2021-06-22'), (3043, 10, '2020-04-30', 2, '2020-05-30'), (3049, 10, '2020-04-12', 4, '2020-05-12'), (3051, 10, '2020-01-30', 8, '2020-02-29'), (3055, 10, '2021-10-30', 2, '2021-11-29'), (3057, 10, '2021-06-16', 5, '2021-07-16'), (3059, 10, '2020-01-19', 7, '2020-02-18'), (3060, 10, '2020-08-12', 5, '2020-09-11'), (3061, 10, '2020-01-28', 6, '2020-02-27'), (3063, 10, '2020-11-11', 5, '2020-12-11'), (3065, 10, '2020-12-01', 7, '2020-12-31'), (3066, 10, '2021-05-14', 4, '2021-06-13'), (3068, 10, '2021-11-20', 7, '2021-12-20'), (3071, 10, '2020-04-06', 8, '2020-05-06'), (3074, 10, '2021-05-12', 2, '2021-06-11'), (3075, 10, '2020-08-02', 2, '2020-09-01'), (3079, 10, '2020-05-25', 7, '2020-06-24'), (3085, 10, '2020-06-29', 1, '2020-07-29'), (1, 1, '2022-12-30', 1, '2023-01-29'), (2, 1, '2023-01-03', 1, '2023-02-02'), (4, 9, '2022-09-05', 4, '2022-10-05'), (11, 5, '2022-04-20', 6, '2022-05-20'), (12, 5, '2022-08-16', 7, '2022-09-15'), (14, 1, '2022-03-15', 5, '2022-04-14'), (18, 10, '2022-01-29', 2, '2022-02-28'), (19, 7, '2022-09-14', 8, '2022-10-14'), (21, 3, '2022-08-14', 9, '2022-09-13'), (25, 4, '2022-06-01', 4, '2022-07-01'), (26, 4, '2022-12-05', 2, '2023-01-04'), (28, 8, '2022-11-06', 1, '2022-12-06'), (29, 8, '2022-01-19', 6, '2022-02-18'), (30, 3, '2022-01-10', 7, '2022-02-09'), (32, 9, '2022-04-21', 8, '2022-05-21'), (34, 10, '2022-05-10', 9, '2022-06-09'), (41, 6, '2022-06-04', 2, '2022-07-04'), (44, 3, '2022-12-08', 2, '2023-01-07'), (45, 5, '2022-12-26', 6, '2023-01-25'), (46, 10, '2022-05-08', 10, '2022-06-07'), (51, 8, '2022-07-15', 9, '2022-08-14'), (52, 3, '2023-01-12', 6, '2023-02-11'), (55, 8, '2022-11-14', 7, '2022-12-14'), (56, 2, '2022-12-06', 9, '2023-01-05'), (59, 3, '2022-01-27', 5, '2022-02-26'), (61, 6, '2022-03-30', 2, '2022-04-29'), (62, 2, '2022-10-04', 7, '2022-11-03'), (63, 8, '2022-02-22', 8, '2022-03-24'), (64, 10, '2022-02-04', 6, '2022-03-06'), (69, 4, '2022-06-03', 9, '2022-07-03'), (74, 7, '2022-12-30', 4, '2023-01-29'), (78, 5, '2022-01-05', 4, '2022-02-04'), (82, 2, '2022-02-18', 3, '2022-03-20'), (87, 9, '2023-01-11', 4, '2023-02-10'), (88, 5, '2022-11-23', 6, '2022-12-23'), (89, 3, '2022-01-05', 4, '2022-02-04'), (90, 8, '2022-11-13', 4, '2022-12-13'), (91, 5, '2022-03-21', 3, '2022-04-20'), (92, 3, '2022-05-14', 10, '2022-06-13'), (93, 5, '2022-11-21', 6, '2022-12-21'), (95, 8, '2022-12-17', 2, '2023-01-16'), (97, 6, '2022-04-10', 6, '2022-05-10'), (98, 4, '2022-07-28', 3, '2022-08-27'), (99, 4, '2022-10-25', 6, '2022-11-24'), (101, 4, '2023-01-13', 7, '2023-02-12'), (103, 3, '2022-07-07', 3, '2022-08-06'), (104, 8, '2022-03-10', 4, '2022-04-09'), (105, 1, '2022-08-17', 3, '2022-09-16'), (106, 5, '2022-01-05', 9, '2022-02-04'), (111, 8, '2022-03-19', 6, '2022-04-18'), (122, 9, '2022-09-02', 10, '2022-10-02'), (123, 6, '2022-04-08', 6, '2022-05-08'), (124, 4, '2022-08-27', 4, '2022-09-26'), (126, 8, '2022-02-18', 5, '2022-03-20'), (140, 5, '2022-07-13', 5, '2022-08-12'), (141, 4, '2022-07-08', 9, '2022-08-07'), (145, 5, '2022-02-21', 3, '2022-03-23'), (149, 3, '2022-12-11', 7, '2023-01-10'), (156, 6, '2022-02-17', 7, '2022-03-19'), (157, 6, '2022-12-20', 3, '2023-01-19'), (158, 6, '2022-02-04', 9, '2022-03-06'), (160, 6, '2022-10-02', 1, '2022-11-01'), (161, 2, '2022-04-15', 10, '2022-05-15'), (162, 5, '2022-12-28', 7, '2023-01-27'), (166, 9, '2022-10-12', 2, '2022-11-11'), (171, 9, '2022-06-25', 5, '2022-07-25'), (174, 4, '2022-08-13', 10, '2022-09-12'), (177, 4, '2022-09-27', 8, '2022-10-27'), (178, 4, '2022-01-28', 9, '2022-02-27'), (180, 7, '2023-01-14', 9, '2023-02-13'), (183, 4, '2022-04-21', 5, '2022-05-21'), (185, 6, '2022-04-15', 10, '2022-05-15'), (187, 2, '2022-02-10', 9, '2022-03-12'), (188, 8, '2022-08-29', 6, '2022-09-28'), (189, 6, '2022-11-26', 7, '2022-12-26'), (191, 8, '2022-08-17', 8, '2022-09-16'), (193, 2, '2022-04-19', 3, '2022-05-19'), (199, 8, '2022-06-20', 7, '2022-07-20'), (201, 1, '2022-01-01', 7, '2022-01-31'), (203, 7, '2022-06-05', 6, '2022-07-05'), (204, 3, '2022-11-05', 3, '2022-12-05'), (211, 9, '2022-11-21', 9, '2022-12-21'), (213, 9, '2022-09-13', 2, '2022-10-13'), (215, 3, '2022-04-07', 5, '2022-05-07'), (220, 7, '2022-10-10', 5, '2022-11-09'), (225, 5, '2022-06-21', 6, '2022-07-21'), (229, 1, '2022-04-02', 9, '2022-05-02'), (230, 4, '2022-06-19', 4, '2022-07-19'), (233, 8, '2022-03-29', 9, '2022-04-28'), (240, 10, '2022-07-19', 5, '2022-08-18'), (245, 4, '2022-07-17', 4, '2022-08-16'), (248, 8, '2022-07-10', 4, '2022-08-09'), (249, 5, '2022-07-19', 1, '2022-08-18'), (251, 1, '2022-11-16', 5, '2022-12-16'), (256, 7, '2022-10-28', 6, '2022-11-27'), (259, 5, '2022-07-20', 6, '2022-08-19'), (260, 10, '2022-09-10', 4, '2022-10-10'), (264, 10, '2022-02-27', 2, '2022-03-29'), (271, 4, '2022-08-04', 8, '2022-09-03'), (276, 7, '2022-09-07', 5, '2022-10-07'), (280, 2, '2022-12-07', 6, '2023-01-06'), (281, 6, '2022-05-04', 5, '2022-06-03'), (283, 2, '2022-11-05', 2, '2022-12-05'), (286, 5, '2022-11-05', 5, '2022-12-05'), (289, 1, '2022-11-05', 4, '2022-12-05'), (300, 3, '2022-04-26', 4, '2022-05-26'), (307, 3, '2022-07-12', 8, '2022-08-11'), (312, 4, '2022-06-14', 7, '2022-07-14'), (317, 10, '2022-12-01', 6, '2022-12-31'), (318, 9, '2022-06-08', 3, '2022-07-08'), (325, 4, '2022-11-22', 2, '2022-12-22'), (327, 9, '2022-01-21', 5, '2022-02-20'), (330, 8, '2022-09-08', 3, '2022-10-08'), (332, 8, '2022-03-15', 3, '2022-04-14'), (333, 6, '2022-06-29', 10, '2022-07-29'), (337, 1, '2022-06-07', 4, '2022-07-07'), (338, 1, '2022-02-26', 9, '2022-03-28'), (340, 6, '2022-12-17', 3, '2023-01-16'), (341, 5, '2022-11-12', 2, '2022-12-12'), (342, 1, '2022-01-24', 5, '2022-02-23'), (343, 7, '2022-07-24', 7, '2022-08-23'), (345, 4, '2022-10-05', 4, '2022-11-04'), (346, 8, '2022-02-22', 9, '2022-03-24'), (348, 5, '2022-09-23', 2, '2022-10-23'), (349, 3, '2022-09-08', 10, '2022-10-08'), (350, 3, '2022-04-02', 1, '2022-05-02'), (351, 7, '2023-01-05', 7, '2023-02-04'), (352, 4, '2022-11-03', 5, '2022-12-03'), (356, 10, '2022-05-25', 6, '2022-06-24'), (360, 3, '2022-11-30', 3, '2022-12-30'), (366, 2, '2022-12-16', 1, '2023-01-15'), (368, 8, '2022-07-12', 6, '2022-08-11'), (371, 10, '2022-07-11', 6, '2022-08-10'), (373, 3, '2022-01-04', 5, '2022-02-03'), (374, 7, '2022-04-01', 8, '2022-05-01'), (381, 10, '2022-06-22', 4, '2022-07-22'), (382, 2, '2022-08-18', 8, '2022-09-17'), (386, 4, '2022-02-24', 10, '2022-03-26'), (389, 5, '2022-04-29', 6, '2022-05-29'), (390, 2, '2023-01-01', 4, '2023-01-31'), (391, 2, '2022-04-23', 4, '2022-05-23'), (392, 7, '2022-10-21', 3, '2022-11-20'), (395, 1, '2023-01-01', 8, '2023-01-31'), (397, 8, '2022-10-18', 6, '2022-11-17'), (403, 5, '2022-03-22', 1, '2022-04-21'), (405, 7, '2022-03-18', 2, '2022-04-17'), (411, 7, '2023-01-11', 5, '2023-02-10'), (412, 5, '2022-04-22', 6, '2022-05-22'), (413, 2, '2022-11-07', 9, '2022-12-07'), (417, 4, '2022-12-09', 7, '2023-01-08'), (418, 8, '2023-01-03', 10, '2023-02-02'), (429, 6, '2022-07-01', 3, '2022-07-31'), (433, 5, '2022-05-27', 7, '2022-06-26'), (435, 3, '2022-12-27', 2, '2023-01-26'), (438, 8, '2022-12-19', 6, '2023-01-18'), (439, 6, '2022-12-03', 9, '2023-01-02'), (443, 7, '2022-10-30', 5, '2022-11-29'), (448, 3, '2022-07-24', 8, '2022-08-23'), (454, 8, '2022-04-30', 7, '2022-05-30'), (455, 5, '2022-08-13', 9, '2022-09-12'), (458, 6, '2022-07-04', 9, '2022-08-03'), (460, 6, '2023-01-07', 2, '2023-02-06'), (465, 3, '2022-04-21', 8, '2022-05-21'), (466, 8, '2022-04-11', 4, '2022-05-11'), (482, 9, '2022-09-15', 5, '2022-10-15'), (487, 2, '2022-04-16', 4, '2022-05-16'), (493, 7, '2022-06-19', 8, '2022-07-19'), (494, 9, '2022-12-09', 6, '2023-01-08'), (498, 1, '2022-01-15', 2, '2022-02-14'), (505, 2, '2022-08-27', 3, '2022-09-26'), (509, 8, '2022-10-29', 10, '2022-11-28'), (511, 1, '2022-12-12', 5, '2023-01-11'), (515, 1, '2022-04-25', 9, '2022-05-25'), (516, 2, '2022-08-05', 5, '2022-09-04'), (517, 8, '2022-03-15', 6, '2022-04-14'), (522, 8, '2022-09-30', 8, '2022-10-30'), (523, 8, '2022-01-27', 10, '2022-02-26'), (524, 5, '2022-10-27', 3, '2022-11-26'), (525, 5, '2022-10-30', 8, '2022-11-29'), (527, 8, '2022-02-22', 3, '2022-03-24'), (528, 5, '2022-04-05', 7, '2022-05-05'), (535, 4, '2022-03-13', 6, '2022-04-12'), (536, 7, '2022-07-04', 1, '2022-08-03'), (537, 7, '2022-08-18', 2, '2022-09-17'), (542, 10, '2023-01-11', 2, '2023-02-10'), (544, 6, '2022-10-22', 8, '2022-11-21'), (552, 4, '2022-07-12', 3, '2022-08-11'), (554, 8, '2022-09-07', 7, '2022-10-07'), (556, 5, '2022-04-11', 3, '2022-05-11'), (557, 6, '2022-01-22', 9, '2022-02-21'), (561, 4, '2022-03-20', 5, '2022-04-19'), (562, 6, '2022-07-02', 1, '2022-08-01'), (564, 8, '2022-12-13', 10, '2023-01-12'), (569, 10, '2023-01-10', 5, '2023-02-09'), (575, 1, '2022-12-20', 2, '2023-01-19'), (581, 6, '2022-04-01', 1, '2022-05-01'), (586, 4, '2022-11-15', 7, '2022-12-15'), (589, 7, '2022-10-07', 7, '2022-11-06'), (595, 9, '2022-08-30', 7, '2022-09-29'), (599, 5, '2022-10-08', 7, '2022-11-07'), (600, 6, '2022-02-19', 6, '2022-03-21'), (601, 6, '2022-12-29', 6, '2023-01-28'), (603, 4, '2022-02-13', 2, '2022-03-15'), (604, 8, '2022-10-28', 5, '2022-11-27'), (605, 7, '2022-11-23', 4, '2022-12-23'), (608, 3, '2022-09-27', 3, '2022-10-27'), (613, 5, '2022-04-09', 2, '2022-05-09'), (615, 1, '2022-07-12', 3, '2022-08-11'), (616, 2, '2022-05-05', 9, '2022-06-04'), (618, 4, '2022-11-23', 8, '2022-12-23'), (625, 8, '2023-01-14', 6, '2023-02-13'), (626, 2, '2022-07-13', 7, '2022-08-12'), (629, 4, '2022-08-16', 9, '2022-09-15'), (631, 7, '2022-04-17', 2, '2022-05-17'), (633, 4, '2022-12-12', 5, '2023-01-11'), (638, 2, '2023-01-02', 3, '2023-02-01'), (641, 9, '2022-11-14', 3, '2022-12-14'), (642, 7, '2022-12-22', 7, '2023-01-21'), (645, 5, '2022-09-04', 9, '2022-10-04'), (654, 4, '2022-11-17', 10, '2022-12-17'), (655, 7, '2023-01-06', 4, '2023-02-05'), (656, 9, '2022-02-11', 5, '2022-03-13'), (662, 2, '2022-01-05', 5, '2022-02-04'), (667, 9, '2022-08-30', 5, '2022-09-29'), (670, 10, '2022-06-24', 5, '2022-07-24'), (672, 5, '2023-01-04', 7, '2023-02-03'), (674, 2, '2022-01-02', 7, '2022-02-01'), (678, 5, '2022-08-09', 2, '2022-09-08'), (682, 8, '2022-03-13', 4, '2022-04-12'), (685, 8, '2022-09-20', 9, '2022-10-20'), (687, 9, '2022-02-06', 5, '2022-03-08'), (691, 8, '2022-04-28', 4, '2022-05-28'), (692, 7, '2022-11-20', 4, '2022-12-20'), (695, 4, '2022-02-25', 5, '2022-03-27'), (705, 5, '2022-09-14', 3, '2022-10-14'), (709, 10, '2022-08-12', 6, '2022-09-11'), (711, 2, '2022-07-16', 4, '2022-08-15'), (718, 1, '2022-03-06', 2, '2022-04-05'), (719, 5, '2022-02-09', 4, '2022-03-11'), (726, 7, '2022-09-10', 8, '2022-10-10'), (729, 2, '2022-12-25', 2, '2023-01-24'), (731, 5, '2022-03-19', 7, '2022-04-18'), (732, 6, '2022-01-08', 2, '2022-02-07'), (733, 8, '2022-08-24', 9, '2022-09-23'), (736, 6, '2023-01-06', 4, '2023-02-05'), (737, 2, '2022-09-13', 7, '2022-10-13'), (738, 5, '2022-11-16', 4, '2022-12-16'), (744, 7, '2022-09-29', 1, '2022-10-29'), (749, 4, '2022-03-19', 3, '2022-04-18'), (751, 6, '2022-08-31', 4, '2022-09-30'), (752, 9, '2022-06-15', 4, '2022-07-15'), (753, 3, '2022-03-24', 5, '2022-04-23'), (754, 8, '2022-01-05', 8, '2022-02-04'), (761, 1, '2022-09-26', 4, '2022-10-26'), (764, 7, '2022-01-30', 3, '2022-03-01'), (766, 8, '2022-08-06', 9, '2022-09-05'), (773, 4, '2022-04-25', 9, '2022-05-25'), (774, 5, '2022-04-14', 4, '2022-05-14'), (775, 3, '2022-10-08', 2, '2022-11-07'), (780, 3, '2022-02-21', 3, '2022-03-23'), (783, 8, '2022-11-02', 3, '2022-12-02'), (793, 6, '2022-02-12', 6, '2022-03-14'), (796, 7, '2022-10-07', 10, '2022-11-06'), (797, 4, '2022-03-31', 6, '2022-04-30'), (801, 3, '2022-06-23', 9, '2022-07-23'), (806, 5, '2022-08-25', 6, '2022-09-24'), (810, 7, '2022-05-15', 5, '2022-06-14'), (811, 2, '2022-03-01', 4, '2022-03-31'), (813, 3, '2022-01-29', 4, '2022-02-28'), (815, 1, '2022-02-13', 4, '2022-03-15'), (821, 2, '2022-09-13', 6, '2022-10-13'), (823, 8, '2023-01-08', 3, '2023-02-07'), (824, 7, '2022-09-04', 6, '2022-10-04'), (825, 10, '2022-05-07', 6, '2022-06-06'), (831, 9, '2022-05-05', 9, '2022-06-04'), (836, 7, '2022-11-04', 4, '2022-12-04'), (837, 6, '2022-01-08', 6, '2022-02-07'), (839, 2, '2022-11-13', 2, '2022-12-13'), (844, 7, '2022-10-21', 6, '2022-11-20'), (857, 4, '2022-12-12', 3, '2023-01-11'), (858, 3, '2022-03-07', 6, '2022-04-06'), (862, 2, '2022-09-20', 4, '2022-10-20'), (863, 8, '2022-05-22', 7, '2022-06-21'), (867, 1, '2022-07-08', 8, '2022-08-07'), (870, 5, '2022-04-28', 6, '2022-05-28'), (874, 6, '2022-12-18', 3, '2023-01-17'), (877, 5, '2022-03-25', 2, '2022-04-24'), (880, 9, '2022-09-07', 7, '2022-10-07'), (881, 2, '2022-07-21', 8, '2022-08-20'), (883, 8, '2022-11-28', 7, '2022-12-28'), (884, 9, '2022-04-17', 8, '2022-05-17'), (885, 8, '2022-12-15', 1, '2023-01-14'), (889, 2, '2022-10-25', 6, '2022-11-24'), (896, 4, '2022-09-28', 7, '2022-10-28'), (897, 8, '2022-10-31', 6, '2022-11-30'), (899, 6, '2022-01-02', 6, '2022-02-01'), (900, 1, '2022-03-03', 1, '2022-04-02'), (901, 1, '2022-08-27', 2, '2022-09-26'), (906, 3, '2022-09-09', 9, '2022-10-09'), (909, 3, '2022-04-16', 5, '2022-05-16'), (910, 4, '2022-06-23', 4, '2022-07-23'), (913, 1, '2022-10-01', 8, '2022-10-31'), (914, 9, '2022-09-15', 8, '2022-10-15'), (918, 9, '2022-10-05', 6, '2022-11-04'), (920, 6, '2022-09-04', 9, '2022-10-04'), (922, 10, '2022-12-11', 5, '2023-01-10'), (923, 2, '2022-05-22', 6, '2022-06-21'), (928, 6, '2022-10-01', 5, '2022-10-31'), (930, 4, '2022-02-03', 3, '2022-03-05'), (931, 5, '2022-10-30', 3, '2022-11-29'), (938, 8, '2022-02-21', 2, '2022-03-23'), (939, 8, '2022-01-11', 7, '2022-02-10'), (940, 7, '2022-06-15', 4, '2022-07-15'), (941, 4, '2022-04-19', 5, '2022-05-19'), (942, 1, '2022-06-14', 4, '2022-07-14'), (947, 3, '2022-03-04', 7, '2022-04-03'), (952, 4, '2022-06-04', 9, '2022-07-04'), (955, 8, '2022-11-12', 3, '2022-12-12'), (957, 7, '2022-05-28', 8, '2022-06-27'), (966, 7, '2022-04-29', 7, '2022-05-29'), (967, 3, '2022-09-19', 8, '2022-10-19'), (973, 4, '2022-03-03', 3, '2022-04-02'), (980, 5, '2022-05-09', 6, '2022-06-08'), (984, 9, '2022-11-16', 6, '2022-12-16'), (985, 7, '2022-02-14', 7, '2022-03-16'), (987, 1, '2022-05-22', 9, '2022-06-21'), (988, 2, '2022-11-06', 6, '2022-12-06'), (994, 9, '2022-11-15', 2, '2022-12-15'), (998, 6, '2022-12-14', 7, '2023-01-13'), (1000, 7, '2022-10-01', 9, '2022-10-31'), (1009, 10, '2022-11-03', 4, '2022-12-03'), (1013, 10, '2022-01-23', 4, '2022-02-22'), (1021, 10, '2022-03-20', 6, '2022-04-19'), (1025, 10, '2022-10-15', 1, '2022-11-14'), (1027, 10, '2022-02-02', 6, '2022-03-04'), (1031, 10, '2022-02-09', 4, '2022-03-11'), (1036, 10, '2022-05-30', 9, '2022-06-29'), (1039, 10, '2022-03-31', 6, '2022-04-30'), (1040, 10, '2022-12-22', 4, '2023-01-21'), (1043, 10, '2022-04-04', 10, '2022-05-04'), (1045, 10, '2022-09-25', 4, '2022-10-25'), (1048, 10, '2022-03-26', 7, '2022-04-25'), (1063, 10, '2022-11-19', 9, '2022-12-19'), (1065, 10, '2022-05-30', 3, '2022-06-29'), (1066, 10, '2022-03-03', 6, '2022-04-02'), (1073, 10, '2022-05-17', 2, '2022-06-16'), (1092, 10, '2022-09-17', 8, '2022-10-17'), (1094, 10, '2022-06-27', 8, '2022-07-27'), (1096, 10, '2023-01-08', 9, '2023-02-07'), (1097, 10, '2022-07-13', 7, '2022-08-12'), (1101, 10, '2022-07-12', 3, '2022-08-11'), (1113, 10, '2022-09-12', 6, '2022-10-12'), (1117, 10, '2022-10-18', 10, '2022-11-17'), (1129, 10, '2022-04-18', 9, '2022-05-18'), (1131, 10, '2022-10-10', 7, '2022-11-09'), (1133, 10, '2022-09-05', 8, '2022-10-05'), (1135, 10, '2022-03-21', 3, '2022-04-20'), (1143, 10, '2022-03-04', 2, '2022-04-03'), (1148, 10, '2022-12-24', 2, '2023-01-23'), (1154, 10, '2022-10-19', 9, '2022-11-18'), (1155, 10, '2022-11-22', 9, '2022-12-22'), (1158, 10, '2022-02-11', 7, '2022-03-13'), (1161, 10, '2022-05-03', 4, '2022-06-02'), (1170, 10, '2022-06-27', 8, '2022-07-27'), (1172, 10, '2022-11-29', 1, '2022-12-29'), (1177, 10, '2022-05-05', 4, '2022-06-04'), (1194, 10, '2022-05-11', 7, '2022-06-10'), (1195, 10, '2023-01-08', 7, '2023-02-07'), (1199, 10, '2022-11-27', 8, '2022-12-27'), (1202, 10, '2022-12-07', 3, '2023-01-06'), (1207, 10, '2022-01-10', 8, '2022-02-09'), (1213, 10, '2022-09-09', 7, '2022-10-09'), (1224, 10, '2022-05-18', 10, '2022-06-17'), (1225, 10, '2022-07-10', 2, '2022-08-09'), (1230, 10, '2022-09-05', 4, '2022-10-05'), (1244, 10, '2022-11-07', 3, '2022-12-07'), (1256, 10, '2022-04-30', 5, '2022-05-30'), (1257, 10, '2022-07-17', 2, '2022-08-16'), (1259, 10, '2022-12-25', 4, '2023-01-24'), (1263, 10, '2022-07-22', 9, '2022-08-21'), (1282, 10, '2022-04-20', 4, '2022-05-20'), (1288, 10, '2022-12-11', 9, '2023-01-10'), (1291, 10, '2022-06-15', 5, '2022-07-15'), (1292, 10, '2022-11-05', 6, '2022-12-05'), (1298, 10, '2022-07-24', 7, '2022-08-23'), (1302, 10, '2023-01-11', 1, '2023-02-10'), (1306, 10, '2022-07-15', 9, '2022-08-14'), (1307, 10, '2022-10-16', 4, '2022-11-15'), (1308, 10, '2022-04-30', 9, '2022-05-30'), (1314, 10, '2022-06-05', 4, '2022-07-05'), (1316, 10, '2022-08-17', 9, '2022-09-16'), (1333, 10, '2022-01-08', 3, '2022-02-07'), (1335, 10, '2022-10-30', 9, '2022-11-29'), (1339, 10, '2022-06-19', 5, '2022-07-19'), (1348, 10, '2022-02-07', 6, '2022-03-09'), (1351, 10, '2022-05-18', 6, '2022-06-17'), (1356, 10, '2022-10-07', 8, '2022-11-06'), (1360, 10, '2022-01-01', 7, '2022-01-31'), (1365, 10, '2022-11-08', 5, '2022-12-08'), (1368, 10, '2022-04-04', 7, '2022-05-04'), (1370, 10, '2022-06-12', 10, '2022-07-12'), (1372, 10, '2022-06-07', 8, '2022-07-07'), (1378, 10, '2022-04-15', 8, '2022-05-15'), (1381, 10, '2022-11-21', 9, '2022-12-21'), (1383, 10, '2022-10-04', 7, '2022-11-03'), (1392, 10, '2023-01-06', 9, '2023-02-05'), (1395, 10, '2022-12-20', 2, '2023-01-19'), (1400, 10, '2022-07-25', 2, '2022-08-24'), (1405, 10, '2022-08-22', 3, '2022-09-21'), (1408, 10, '2022-12-11', 3, '2023-01-10'), (1413, 10, '2022-12-11', 4, '2023-01-10'), (1415, 10, '2022-09-23', 9, '2022-10-23'), (1423, 10, '2022-03-10', 8, '2022-04-09'), (1432, 10, '2022-10-28', 2, '2022-11-27'), (1438, 10, '2022-10-06', 5, '2022-11-05'), (1444, 10, '2022-01-08', 1, '2022-02-07'), (1449, 10, '2022-09-24', 9, '2022-10-24'), (1450, 10, '2022-11-23', 9, '2022-12-23'), (1455, 10, '2022-06-27', 3, '2022-07-27'), (1457, 10, '2022-01-28', 6, '2022-02-27'), (1462, 10, '2022-10-16', 6, '2022-11-15'), (1467, 10, '2022-12-11', 5, '2023-01-10'), (1468, 10, '2022-05-30', 3, '2022-06-29'), (1469, 10, '2022-06-12', 5, '2022-07-12'), (1472, 10, '2022-07-24', 4, '2022-08-23'), (1473, 10, '2022-10-13', 3, '2022-11-12'), (1474, 10, '2022-05-17', 8, '2022-06-16'), (1479, 10, '2022-10-02', 10, '2022-11-01'), (1484, 10, '2022-08-11', 2, '2022-09-10'), (1489, 10, '2022-12-01', 8, '2022-12-31'), (1495, 10, '2022-12-14', 4, '2023-01-13'), (1499, 10, '2022-06-03', 7, '2022-07-03'), (1504, 10, '2022-03-13', 7, '2022-04-12'), (1507, 10, '2022-01-11', 8, '2022-02-10'), (1510, 10, '2022-06-02', 6, '2022-07-02'), (1514, 10, '2022-01-16', 9, '2022-02-15'), (1517, 10, '2022-04-26', 3, '2022-05-26'), (1520, 10, '2022-07-08', 6, '2022-08-07'), (1525, 10, '2022-04-08', 1, '2022-05-08'), (1526, 10, '2022-08-12', 7, '2022-09-11'), (1531, 10, '2022-09-30', 3, '2022-10-30'), (1533, 10, '2022-09-22', 5, '2022-10-22'), (1536, 10, '2022-11-04', 9, '2022-12-04'), (1541, 10, '2023-01-03', 10, '2023-02-02'), (1543, 10, '2022-06-24', 3, '2022-07-24'), (1548, 10, '2022-08-21', 10, '2022-09-20'), (1550, 10, '2022-08-06', 1, '2022-09-05'), (1551, 10, '2022-06-13', 6, '2022-07-13'), (1552, 10, '2022-10-13', 9, '2022-11-12'), (1554, 10, '2022-11-14', 8, '2022-12-14'), (1557, 10, '2022-10-13', 7, '2022-11-12'), (1559, 10, '2022-01-04', 2, '2022-02-03'), (1560, 10, '2022-12-01', 4, '2022-12-31'), (1565, 10, '2022-06-19', 3, '2022-07-19'), (1568, 10, '2022-12-10', 4, '2023-01-09'), (1582, 10, '2022-07-27', 3, '2022-08-26'), (1583, 10, '2022-01-09', 3, '2022-02-08'), (1586, 10, '2022-09-28', 7, '2022-10-28'), (1591, 10, '2022-08-18', 10, '2022-09-17'), (1597, 10, '2022-09-04', 1, '2022-10-04'), (1603, 10, '2022-04-09', 6, '2022-05-09'), (1606, 10, '2022-10-12', 8, '2022-11-11'), (1608, 10, '2022-06-06', 6, '2022-07-06'), (1609, 10, '2022-08-23', 8, '2022-09-22'), (1612, 10, '2022-06-25', 7, '2022-07-25'), (1616, 10, '2022-04-12', 4, '2022-05-12'), (1619, 10, '2022-10-22', 10, '2022-11-21'), (1621, 10, '2022-08-28', 2, '2022-09-27'), (1625, 10, '2023-01-08', 9, '2023-02-07'), (1633, 10, '2022-03-23', 7, '2022-04-22'), (1640, 10, '2022-08-03', 4, '2022-09-02'), (1644, 10, '2022-11-26', 7, '2022-12-26'), (1645, 10, '2022-12-17', 6, '2023-01-16'), (1646, 10, '2022-12-21', 9, '2023-01-20'), (1648, 10, '2022-07-15', 7, '2022-08-14'), (1655, 10, '2022-04-17', 9, '2022-05-17'), (1661, 10, '2022-10-09', 6, '2022-11-08'), (1663, 10, '2022-10-05', 9, '2022-11-04'), (1689, 10, '2022-10-26', 5, '2022-11-25'), (1693, 10, '2023-01-12', 2, '2023-02-11'), (1695, 10, '2022-07-01', 5, '2022-07-31'), (1696, 10, '2022-11-05', 6, '2022-12-05'), (1699, 10, '2023-01-03', 7, '2023-02-02'), (1704, 10, '2022-10-10', 4, '2022-11-09'), (1709, 10, '2022-04-02', 5, '2022-05-02'), (1712, 10, '2022-03-31', 9, '2022-04-30'), (1713, 10, '2022-01-10', 7, '2022-02-09'), (1735, 10, '2022-12-21', 7, '2023-01-20'), (1758, 10, '2022-01-21', 5, '2022-02-20'), (1767, 10, '2022-09-26', 10, '2022-10-26'), (1770, 10, '2022-06-24', 3, '2022-07-24'), (1777, 10, '2022-04-16', 10, '2022-05-16'), (1787, 10, '2022-10-30', 9, '2022-11-29'), (1794, 10, '2022-10-20', 4, '2022-11-19'), (1798, 10, '2022-11-03', 3, '2022-12-03'), (1800, 10, '2022-10-10', 8, '2022-11-09'), (1807, 10, '2022-10-04', 3, '2022-11-03'), (1808, 10, '2022-05-27', 10, '2022-06-26'), (1810, 10, '2022-08-26', 8, '2022-09-25'), (1815, 10, '2022-03-14', 2, '2022-04-13'), (1823, 10, '2022-08-09', 9, '2022-09-08'), (1826, 10, '2022-04-08', 5, '2022-05-08'), (1827, 10, '2022-11-27', 9, '2022-12-27'), (1834, 10, '2022-01-31', 6, '2022-03-02'), (1836, 10, '2022-12-08', 1, '2023-01-07'), (1841, 10, '2022-09-21', 7, '2022-10-21'), (1844, 10, '2022-06-19', 8, '2022-07-19'), (1845, 10, '2023-01-02', 10, '2023-02-01'), (1848, 10, '2023-01-10', 6, '2023-02-09'), (1867, 10, '2022-11-07', 2, '2022-12-07'), (1871, 10, '2022-08-30', 5, '2022-09-29'), (1877, 10, '2022-09-29', 3, '2022-10-29'), (1881, 10, '2023-01-06', 7, '2023-02-05'), (1884, 10, '2022-08-23', 2, '2022-09-22'), (1892, 10, '2022-03-05', 7, '2022-04-04'), (1897, 10, '2022-03-13', 7, '2022-04-12'), (1898, 10, '2022-12-28', 2, '2023-01-27'), (1901, 10, '2022-07-20', 4, '2022-08-19'), (1907, 10, '2022-05-02', 6, '2022-06-01'), (1911, 10, '2022-02-20', 4, '2022-03-22'), (1914, 10, '2022-08-08', 8, '2022-09-07'), (1925, 10, '2022-06-05', 9, '2022-07-05'), (1939, 10, '2022-05-28', 6, '2022-06-27'), (1944, 10, '2022-01-18', 3, '2022-02-17'), (1950, 10, '2022-04-14', 1, '2022-05-14'), (1958, 10, '2022-10-06', 6, '2022-11-05'), (1961, 10, '2022-04-29', 3, '2022-05-29'), (1963, 10, '2022-03-25', 2, '2022-04-24'), (1982, 10, '2022-08-26', 4, '2022-09-25'), (1985, 10, '2022-07-01', 6, '2022-07-31'), (1991, 10, '2022-05-14', 7, '2022-06-13'), (1996, 10, '2022-10-03', 10, '2022-11-02'), (1999, 10, '2022-08-06', 4, '2022-09-05'), (2008, 10, '2022-08-13', 9, '2022-09-12'), (2009, 10, '2023-01-03', 6, '2023-02-02'), (2011, 10, '2022-02-22', 6, '2022-03-24'), (2014, 10, '2022-08-13', 5, '2022-09-12'), (2018, 10, '2022-11-12', 6, '2022-12-12'), (2023, 10, '2022-04-06', 8, '2022-05-06'), (2024, 10, '2022-04-02', 10, '2022-05-02'), (2025, 10, '2022-08-15', 5, '2022-09-14'), (2030, 10, '2023-01-10', 4, '2023-02-09'), (2037, 10, '2022-06-03', 2, '2022-07-03'), (2042, 10, '2022-09-30', 5, '2022-10-30'), (2045, 10, '2022-03-29', 2, '2022-04-28'), (2058, 10, '2022-07-22', 9, '2022-08-21'), (2062, 10, '2022-11-26', 1, '2022-12-26'), (2064, 10, '2022-07-29', 8, '2022-08-28'), (2066, 10, '2022-01-21', 2, '2022-02-20'), (2067, 10, '2022-03-05', 8, '2022-04-04'), (2068, 10, '2022-02-12', 8, '2022-03-14'), (2070, 10, '2022-10-29', 2, '2022-11-28'), (2071, 10, '2022-06-24', 5, '2022-07-24'), (2076, 10, '2022-09-20', 2, '2022-10-20'), (2078, 10, '2022-04-21', 9, '2022-05-21'), (2090, 10, '2022-09-03', 9, '2022-10-03'), (2092, 10, '2022-10-09', 4, '2022-11-08'), (2099, 10, '2022-04-13', 2, '2022-05-13'), (2103, 10, '2022-08-19', 2, '2022-09-18'), (2105, 10, '2022-03-14', 6, '2022-04-13'), (2107, 10, '2022-05-13', 7, '2022-06-12'), (2108, 10, '2022-05-25', 7, '2022-06-24'), (2110, 10, '2022-11-01', 6, '2022-12-01'), (2120, 10, '2022-02-23', 5, '2022-03-25'), (2124, 10, '2022-09-23', 6, '2022-10-23'), (2129, 10, '2022-03-30', 5, '2022-04-29'), (2137, 10, '2022-09-01', 3, '2022-10-01'), (2142, 10, '2022-05-01', 9, '2022-05-31'), (2143, 10, '2022-05-21', 10, '2022-06-20'), (2144, 10, '2022-06-21', 2, '2022-07-21'), (2150, 10, '2022-04-23', 3, '2022-05-23'), (2151, 10, '2022-12-02', 2, '2023-01-01'), (2169, 10, '2022-05-31', 3, '2022-06-30'), (2174, 10, '2022-10-25', 8, '2022-11-24'), (2176, 10, '2022-02-02', 5, '2022-03-04'), (2186, 10, '2022-02-10', 4, '2022-03-12'), (2188, 10, '2022-08-29', 2, '2022-09-28'), (2193, 10, '2022-04-22', 6, '2022-05-22'), (2196, 10, '2022-08-08', 4, '2022-09-07'), (2197, 10, '2022-10-25', 4, '2022-11-24'), (2199, 10, '2022-04-30', 8, '2022-05-30'), (2201, 10, '2022-10-24', 6, '2022-11-23'), (2209, 10, '2022-03-13', 4, '2022-04-12'), (2210, 10, '2022-01-05', 4, '2022-02-04'), (2212, 10, '2022-03-17', 7, '2022-04-16'), (2217, 10, '2022-07-28', 5, '2022-08-27'), (2219, 10, '2022-07-11', 3, '2022-08-10'), (2221, 10, '2022-02-06', 3, '2022-03-08'), (2224, 10, '2022-06-12', 5, '2022-07-12'), (2237, 10, '2022-04-01', 4, '2022-05-01'), (2243, 10, '2022-08-14', 3, '2022-09-13'), (2245, 10, '2022-10-16', 6, '2022-11-15'), (2246, 10, '2022-05-11', 5, '2022-06-10'), (2254, 10, '2022-10-24', 7, '2022-11-23'), (2257, 10, '2022-05-06', 4, '2022-06-05'), (2258, 10, '2022-05-20', 5, '2022-06-19'), (2266, 10, '2022-09-01', 2, '2022-10-01'), (2268, 10, '2022-04-18', 10, '2022-05-18'), (2269, 10, '2022-08-15', 10, '2022-09-14'), (2273, 10, '2022-08-18', 1, '2022-09-17'), (2275, 10, '2022-11-05', 8, '2022-12-05'), (2277, 10, '2022-03-02', 5, '2022-04-01'), (2289, 10, '2022-05-01', 6, '2022-05-31'), (2300, 10, '2022-09-10', 9, '2022-10-10'), (2303, 10, '2022-01-27', 3, '2022-02-26'), (2304, 10, '2022-05-29', 5, '2022-06-28'), (2305, 10, '2022-04-26', 6, '2022-05-26'), (2309, 10, '2022-07-31', 7, '2022-08-30'), (2310, 10, '2022-02-03', 3, '2022-03-05'), (2312, 10, '2022-06-03', 9, '2022-07-03'), (2313, 10, '2023-01-11', 2, '2023-02-10'), (2315, 10, '2022-05-23', 10, '2022-06-22'), (2325, 10, '2022-04-16', 1, '2022-05-16'), (2328, 10, '2022-11-28', 7, '2022-12-28'), (2329, 10, '2022-06-09', 2, '2022-07-09'), (2333, 10, '2023-01-08', 6, '2023-02-07'), (2340, 10, '2022-03-26', 2, '2022-04-25'), (2343, 10, '2022-09-23', 2, '2022-10-23'), (2346, 10, '2022-07-27', 4, '2022-08-26'), (2348, 10, '2022-06-12', 8, '2022-07-12'), (2350, 10, '2022-01-21', 1, '2022-02-20'), (2355, 10, '2022-05-14', 3, '2022-06-13'), (2356, 10, '2022-08-15', 6, '2022-09-14'), (2360, 10, '2022-02-05', 8, '2022-03-07'), (2361, 10, '2022-04-13', 7, '2022-05-13'), (2363, 10, '2022-08-26', 10, '2022-09-25'), (2371, 10, '2022-09-22', 1, '2022-10-22'), (2373, 10, '2022-04-11', 4, '2022-05-11'), (2374, 10, '2022-12-02', 9, '2023-01-01'), (2375, 10, '2022-08-08', 2, '2022-09-07'), (2376, 10, '2022-09-24', 6, '2022-10-24'), (2378, 10, '2022-07-12', 8, '2022-08-11'), (2381, 10, '2022-04-27', 5, '2022-05-27'), (2393, 10, '2022-12-10', 7, '2023-01-09'), (2396, 10, '2022-12-17', 1, '2023-01-16'), (2397, 10, '2022-01-20', 10, '2022-02-19'), (2398, 10, '2022-08-10', 8, '2022-09-09'), (2400, 10, '2022-04-07', 10, '2022-05-07'), (2412, 10, '2022-06-24', 4, '2022-07-24'), (2417, 10, '2022-09-18', 5, '2022-10-18'), (2419, 10, '2022-02-09', 10, '2022-03-11'), (2420, 10, '2022-12-14', 9, '2023-01-13'), (2422, 10, '2022-01-24', 6, '2022-02-23'), (2430, 10, '2022-04-19', 7, '2022-05-19'), (2431, 10, '2022-10-13', 8, '2022-11-12'), (2437, 10, '2023-01-09', 3, '2023-02-08'), (2441, 10, '2022-03-06', 6, '2022-04-05'), (2456, 10, '2022-09-12', 4, '2022-10-12'), (2460, 10, '2022-02-18', 6, '2022-03-20'), (2461, 10, '2022-12-11', 4, '2023-01-10'), (2463, 10, '2022-02-07', 4, '2022-03-09'), (2469, 10, '2022-08-19', 4, '2022-09-18'), (2471, 10, '2022-01-21', 4, '2022-02-20'), (2473, 10, '2022-07-25', 5, '2022-08-24'), (2478, 10, '2022-01-01', 4, '2022-01-31'), (2481, 10, '2022-04-18', 3, '2022-05-18'), (2482, 10, '2022-05-08', 2, '2022-06-07'), (2484, 10, '2022-03-05', 1, '2022-04-04'), (2485, 10, '2022-02-08', 2, '2022-03-10'), (2496, 10, '2022-04-28', 8, '2022-05-28'), (2500, 10, '2022-05-30', 5, '2022-06-29'), (2501, 10, '2022-12-24', 1, '2023-01-23'), (2502, 10, '2022-06-17', 9, '2022-07-17'), (2504, 10, '2022-07-08', 8, '2022-08-07'), (2505, 10, '2022-02-02', 4, '2022-03-04'), (2508, 10, '2022-10-14', 10, '2022-11-13'), (2510, 10, '2022-07-16', 3, '2022-08-15'), (2518, 10, '2022-05-08', 8, '2022-06-07'), (2520, 10, '2022-04-04', 8, '2022-05-04'), (2521, 10, '2022-04-24', 8, '2022-05-24'), (2531, 10, '2022-07-27', 6, '2022-08-26'), (2541, 10, '2022-06-01', 6, '2022-07-01'), (2542, 10, '2022-07-23', 3, '2022-08-22'), (2547, 10, '2022-07-25', 6, '2022-08-24'), (2548, 10, '2022-06-15', 2, '2022-07-15'), (2562, 10, '2022-01-30', 3, '2022-03-01'), (2567, 10, '2022-08-22', 6, '2022-09-21'), (2569, 10, '2022-06-16', 6, '2022-07-16'), (2574, 10, '2022-07-09', 1, '2022-08-08'), (2577, 10, '2022-12-02', 3, '2023-01-01'), (2581, 10, '2022-11-07', 5, '2022-12-07'), (2585, 10, '2023-01-11', 7, '2023-02-10'), (2587, 10, '2022-03-14', 1, '2022-04-13'), (2593, 10, '2022-03-10', 2, '2022-04-09'), (2595, 10, '2022-09-11', 9, '2022-10-11'), (2598, 10, '2022-10-04', 9, '2022-11-03'), (2600, 10, '2022-07-02', 4, '2022-08-01'), (2604, 10, '2022-03-08', 6, '2022-04-07'), (2606, 10, '2022-01-02', 6, '2022-02-01'), (2608, 10, '2022-08-05', 3, '2022-09-04'), (2610, 10, '2022-09-16', 2, '2022-10-16'), (2612, 10, '2022-01-30', 5, '2022-03-01'), (2617, 10, '2022-12-03', 6, '2023-01-02'), (2624, 10, '2022-09-16', 5, '2022-10-16'), (2627, 10, '2022-12-05', 8, '2023-01-04'), (2630, 10, '2022-08-20', 5, '2022-09-19'), (2632, 10, '2022-01-04', 5, '2022-02-03'), (2633, 10, '2022-03-12', 7, '2022-04-11'), (2641, 10, '2022-08-18', 10, '2022-09-17'), (2643, 10, '2022-12-26', 3, '2023-01-25'), (2648, 10, '2022-11-15', 8, '2022-12-15'), (2652, 10, '2022-04-04', 8, '2022-05-04'), (2653, 10, '2022-09-26', 8, '2022-10-26'), (2655, 10, '2022-06-22', 3, '2022-07-22'), (2658, 10, '2022-06-22', 4, '2022-07-22'), (2659, 10, '2022-10-23', 5, '2022-11-22'), (2662, 10, '2023-01-07', 9, '2023-02-06'), (2674, 10, '2022-06-27', 5, '2022-07-27'), (2676, 10, '2022-03-23', 9, '2022-04-22'), (2684, 10, '2022-10-29', 7, '2022-11-28'), (2694, 10, '2022-03-21', 5, '2022-04-20'), (2702, 10, '2022-11-13', 4, '2022-12-13'), (2704, 10, '2022-03-29', 9, '2022-04-28'), (2709, 10, '2022-09-09', 5, '2022-10-09'), (2711, 10, '2022-03-29', 1, '2022-04-28'), (2717, 10, '2022-09-27', 7, '2022-10-27'), (2722, 10, '2022-12-17', 9, '2023-01-16'), (2723, 10, '2023-01-10', 9, '2023-02-09'), (2724, 10, '2022-04-18', 6, '2022-05-18'), (2730, 10, '2022-08-19', 5, '2022-09-18'), (2733, 10, '2022-09-22', 8, '2022-10-22'), (2738, 10, '2022-08-07', 5, '2022-09-06'), (2741, 10, '2023-01-07', 7, '2023-02-06'), (2745, 10, '2022-01-25', 5, '2022-02-24'), (2749, 10, '2022-05-25', 3, '2022-06-24'), (2750, 10, '2022-11-09', 2, '2022-12-09'), (2752, 10, '2023-01-08', 7, '2023-02-07'), (2753, 10, '2022-12-26', 4, '2023-01-25'), (2759, 10, '2022-04-05', 3, '2022-05-05'), (2760, 10, '2022-12-30', 4, '2023-01-29'), (2764, 10, '2023-01-08', 9, '2023-02-07'), (2771, 10, '2022-02-11', 2, '2022-03-13'), (2773, 10, '2022-07-27', 8, '2022-08-26'), (2781, 10, '2022-09-29', 7, '2022-10-29'), (2782, 10, '2022-05-08', 7, '2022-06-07'), (2783, 10, '2022-05-03', 5, '2022-06-02'), (2784, 10, '2022-07-04', 2, '2022-08-03'), (2786, 10, '2022-01-27', 2, '2022-02-26'), (2789, 10, '2022-02-10', 6, '2022-03-12'), (2791, 10, '2022-07-01', 8, '2022-07-31'), (2794, 10, '2023-01-01', 7, '2023-01-31'), (2798, 10, '2022-09-07', 9, '2022-10-07'), (2801, 10, '2022-04-26', 6, '2022-05-26'), (2807, 10, '2022-02-13', 8, '2022-03-15'), (2808, 10, '2022-12-07', 9, '2023-01-06'), (2816, 10, '2022-08-01', 6, '2022-08-31'), (2817, 10, '2022-03-15', 7, '2022-04-14'), (2819, 10, '2022-03-29', 2, '2022-04-28'), (2820, 10, '2022-11-09', 3, '2022-12-09'), (2823, 10, '2022-07-06', 5, '2022-08-05'), (2825, 10, '2022-09-02', 3, '2022-10-02'), (2826, 10, '2022-11-11', 5, '2022-12-11'), (2830, 10, '2022-09-17', 4, '2022-10-17'), (2834, 10, '2022-03-24', 8, '2022-04-23'), (2840, 10, '2022-12-31', 9, '2023-01-30'), (2841, 10, '2022-02-01', 5, '2022-03-03'), (2842, 10, '2022-03-01', 9, '2022-03-31'), (2848, 10, '2022-08-16', 7, '2022-09-15'), (2851, 10, '2022-03-14', 4, '2022-04-13'), (2852, 10, '2022-06-07', 9, '2022-07-07'), (2853, 10, '2022-09-24', 8, '2022-10-24'), (2859, 10, '2022-08-29', 6, '2022-09-28'), (2861, 10, '2022-04-03', 5, '2022-05-03'), (2863, 10, '2022-09-12', 6, '2022-10-12'), (2873, 10, '2022-06-12', 9, '2022-07-12'), (2874, 10, '2022-12-17', 8, '2023-01-16'), (2876, 10, '2022-03-09', 2, '2022-04-08'), (2878, 10, '2022-09-08', 6, '2022-10-08'), (2881, 10, '2022-04-18', 6, '2022-05-18'), (2884, 10, '2022-06-27', 7, '2022-07-27'), (2890, 10, '2022-04-24', 8, '2022-05-24'), (2895, 10, '2022-03-31', 3, '2022-04-30'), (2897, 10, '2022-03-05', 3, '2022-04-04'), (2900, 10, '2022-01-02', 6, '2022-02-01'), (2913, 10, '2022-09-01', 6, '2022-10-01'), (2914, 10, '2022-05-11', 10, '2022-06-10'), (2927, 10, '2022-02-05', 9, '2022-03-07'), (2930, 10, '2022-12-15', 6, '2023-01-14'), (2934, 10, '2022-10-01', 7, '2022-10-31'), (2935, 10, '2022-07-26', 8, '2022-08-25'), (2936, 10, '2022-05-15', 8, '2022-06-14'), (2937, 10, '2022-03-20', 7, '2022-04-19'), (2938, 10, '2022-02-07', 7, '2022-03-09'), (2942, 10, '2022-08-13', 5, '2022-09-12'), (2944, 10, '2022-06-29', 3, '2022-07-29'), (2946, 10, '2022-06-10', 9, '2022-07-10'), (2949, 10, '2022-01-23', 3, '2022-02-22'), (2953, 10, '2022-10-07', 10, '2022-11-06'), (2957, 10, '2022-03-17', 8, '2022-04-16'), (2958, 10, '2023-01-06', 8, '2023-02-05'), (2969, 10, '2022-12-26', 7, '2023-01-25'), (2971, 10, '2022-10-25', 3, '2022-11-24'), (2979, 10, '2022-10-13', 7, '2022-11-12'), (2982, 10, '2022-02-19', 5, '2022-03-21'), (2986, 10, '2022-07-15', 3, '2022-08-14'), (2992, 10, '2022-09-24', 6, '2022-10-24'), (3012, 10, '2022-07-26', 4, '2022-08-25'), (3021, 10, '2022-11-21', 8, '2022-12-21'), (3029, 10, '2022-12-16', 8, '2023-01-15'), (3045, 10, '2022-01-08', 5, '2022-02-07'), (3046, 10, '2022-07-06', 4, '2022-08-05'), (3047, 10, '2022-05-22', 4, '2022-06-21'), (3048, 10, '2022-01-05', 8, '2022-02-04'), (3052, 10, '2022-08-20', 3, '2022-09-19'), (3056, 10, '2023-01-08', 8, '2023-02-07'), (3058, 10, '2022-08-15', 2, '2022-09-14'), (3069, 10, '2022-10-06', 4, '2022-11-05'), (3070, 10, '2022-01-04', 9, '2022-02-03'), (3072, 10, '2022-07-16', 5, '2022-08-15'), (3077, 10, '2022-01-14', 5, '2022-02-13'), (3078, 10, '2022-07-23', 1, '2022-08-22'), (3080, 10, '2022-06-28', 9, '2022-07-28'), (3082, 10, '2022-05-22', 9, '2022-06-21'), (3083, 10, '2022-06-26', 6, '2022-07-26'), (3086, 2, '2023-01-31', 10, '2023-03-02'), (3087, 2, '2023-01-10', 1, '2023-02-09');
COMMIT;

-- ----------------------------
-- Table structure for Roles
-- ----------------------------
DROP TABLE IF EXISTS `Roles`;
CREATE TABLE `Roles`  (
  `Id_role` int(10) UNSIGNED NOT NULL AUTO_INCREMENT,
  `Role_Name` varchar(50) CHARACTER SET utf8mb3 COLLATE utf8mb3_general_ci NULL DEFAULT NULL,
  PRIMARY KEY (`Id_role`) USING BTREE,
  UNIQUE INDEX `Name`(`Role_Name`) USING BTREE
) ENGINE = InnoDB AUTO_INCREMENT = 3 CHARACTER SET = utf8mb3 COLLATE = utf8mb3_general_ci;

-- ----------------------------
-- Records of Roles
-- ----------------------------
BEGIN;
INSERT INTO `Roles` (`Id_role`, `Role_Name`) VALUES (1, 'Customer'), (2, 'Employee');
COMMIT;

-- ----------------------------
-- Table structure for Users
-- ----------------------------
DROP TABLE IF EXISTS `Users`;
CREATE TABLE `Users`  (
  `Id_user` int(10) UNSIGNED NOT NULL AUTO_INCREMENT,
  `Name` varchar(50) CHARACTER SET utf8mb3 COLLATE utf8mb3_general_ci NULL DEFAULT NULL,
  `Surname` varchar(50) CHARACTER SET utf8mb3 COLLATE utf8mb3_general_ci NULL DEFAULT NULL,
  `Login` varchar(50) CHARACTER SET utf8mb3 COLLATE utf8mb3_general_ci NOT NULL,
  `Password` varchar(50) CHARACTER SET utf8mb3 COLLATE utf8mb3_general_ci NOT NULL,
  `E-mail` varchar(60) CHARACTER SET utf8mb3 COLLATE utf8mb3_general_ci NOT NULL,
  `Phone` varchar(20) CHARACTER SET utf8mb3 COLLATE utf8mb3_general_ci NULL DEFAULT NULL,
  `Birth_Date` date NOT NULL,
  PRIMARY KEY (`Id_user`) USING BTREE
) ENGINE = InnoDB AUTO_INCREMENT = 22 CHARACTER SET = utf8mb3 COLLATE = utf8mb3_general_ci;

-- ----------------------------
-- Records of Users
-- ----------------------------
BEGIN;
INSERT INTO `Users` (`Id_user`, `Name`, `Surname`, `Login`, `Password`, `E-mail`, `Phone`, `Birth_Date`) VALUES (1, 'Roger', 'Lewis', 'rlewis', '9600478cd9d43ac1ca111a0af4805dc4c17b4484', 'BuzzLewis@gmail.com', '+48 958139937', '1992-06-27'), (2, 'Emile', 'Texieira', 'eteixeira', 'bb35398f2041e0a40fb66924763fb076eb3c134b', 'ChorizoLover12@gmail.com', '+48 872831696', '1976-04-12'), (3, 'Sarah', 'Sales', 'ssales', 'da39a3ee5e6b4b0d3255bfef95601890afd80709', 'sarahSaharah42@gmai.com', '+48 842252851', '2000-01-01'), (4, 'Nicolas', 'Petier', 'npetier', 'bec003f1586fd39c698430b1d662e9fffd5b76e5', 'Niki_paris@gmail.com', '+48 881673598', '2006-08-21'), (5, 'Albert', 'Bertoli', 'abertoli', '4be3f288ceb65732dec4ad5a2b5c6c35cff87c64', 'CallmeAlex83@gmail.com', '+48 307145823', '1999-05-30'), (6, 'Paweł', 'Krok', 'pkrok', '6a014b891ea79d6cc6e1a3258f164b72bdbd2e1c', 'Bawel_krok@gmail.com', '+48 134048970', '2008-12-12'), (7, 'Aleks', 'Domanski', 'adomanski', 'e560d8b13b7424429226fe4a8d82c48226a3e47b', 'Pompateam16@gmail.com', '+48 132021582', '2002-07-31'), (8, 'Adam', 'Mak', 'amak', 'b6421b53558f60570d2ab77b9c0659802eeb3da1', 'Makowiec997@gmail.com', '+48 902552843', '1997-02-20'), (9, 'Emily', 'Stokes', 'estokes', '9e6ffd31adf277f0d931fc06b5298e8c3466310c', 'chelseaFan_667@gmail.com', '+48 958281947', '1986-06-01'), (10, 'Artur', 'Bentley', 'abentley', 'ac9a301abd3c80ad7e2bdbdb1b50393ddd2b2f17', 'Carmajster@gmail.com', '+48 565085310', '2009-03-17'), (16, 'Janusz', 'Kowalski', 'niezlyagentpl', '6c0ec28931e1f1a943f907e44e4d78ccc2b426b2', 'jkowalski@gmail.ru', '+48 565085310', '2000-01-01'), (21, 'Mateusz', 'Kowalki', 'mk2000', '7110eda4d09e062aa5e4a390b0a572ac0d2c0220', 'mk2000@tlen.pl', '+48123453421', '2000-01-01');
COMMIT;

-- ----------------------------
-- Table structure for Users_roles
-- ----------------------------
DROP TABLE IF EXISTS `Users_roles`;
CREATE TABLE `Users_roles`  (
  `Id_user` int(10) UNSIGNED NOT NULL,
  `Id_role` int(10) UNSIGNED NOT NULL,
  PRIMARY KEY (`Id_user`, `Id_role`) USING BTREE,
  INDEX `Users_roles_ibfk_2`(`Id_role`) USING BTREE,
  CONSTRAINT `Users_roles_ibfk_1` FOREIGN KEY (`Id_user`) REFERENCES `Users` (`Id_user`) ON DELETE CASCADE ON UPDATE CASCADE,
  CONSTRAINT `Users_roles_ibfk_2` FOREIGN KEY (`Id_role`) REFERENCES `Roles` (`Id_role`) ON DELETE CASCADE ON UPDATE CASCADE
) ENGINE = InnoDB CHARACTER SET = utf8mb3 COLLATE = utf8mb3_general_ci;

-- ----------------------------
-- Records of Users_roles
-- ----------------------------
BEGIN;
INSERT INTO `Users_roles` (`Id_user`, `Id_role`) VALUES (1, 2), (2, 2), (3, 1), (3, 2), (4, 1), (5, 1), (6, 1), (7, 1), (8, 1), (9, 1), (10, 1), (21, 1);
COMMIT;

-- ----------------------------
-- View structure for Number_of_rentals
-- ----------------------------
DROP VIEW IF EXISTS `Number_of_rentals`;
CREATE ALGORITHM = UNDEFINED SQL SECURITY DEFINER VIEW `Number_of_rentals` AS select `Movies`.`Title` AS `Title`,count(`Rents`.`Id_rental`) AS `Number_of_rentals` from (`Movies` join `Rents` on(`Movies`.`Id_movie` = `Rents`.`Id_movie`)) group by `Movies`.`Id_movie`;

-- ----------------------------
-- View structure for Users_rents
-- ----------------------------
DROP VIEW IF EXISTS `Users_rents`;
CREATE ALGORITHM = UNDEFINED SQL SECURITY DEFINER VIEW `Users_rents` AS select concat(`Users`.`Name`,' ',`Users`.`Surname`) AS `Customer`,count(`Rents`.`Id_rental`) AS `Rents` from (`Rents` join `Users` on(`Rents`.`Id_user` = `Users`.`Id_user`)) group by concat(`Users`.`Name`,' ',`Users`.`Surname`) order by count(`Rents`.`Id_rental`) desc;

-- ----------------------------
-- Procedure structure for Active_movies_user
-- ----------------------------
DROP PROCEDURE IF EXISTS `Active_movies_user`;
delimiter ;;
CREATE PROCEDURE `Active_movies_user`(pid INT)
BEGIN
	SELECT CURRENT_DATE INTO @currdate;
	
	SELECT Movies.Title, DATEDIFF(Rents.Rent_expiration, @currdate) as Days_to_expire FROM Movies INNER JOIN Rents ON Movies.Id_movie = Rents.Id_movie WHERE Rents.Id_user = pid AND DATEDIFF(Rents.Rent_expiration, @currdate) > 0;

END
;;
delimiter ;

-- ----------------------------
-- Procedure structure for Add_movie
-- ----------------------------
DROP PROCEDURE IF EXISTS `Add_movie`;
delimiter ;;
CREATE PROCEDURE `Add_movie`(`pTitle` varchar(50),`pRelease_date` date, `pAge_rest` int(10),`pGenre` varchar(50),`pDirector_name` varchar(50),`pDirector_surname` varchar(50),`pCountry` varchar(50),`pLanguage` varchar(50), pPrice DOUBLE)
BEGIN
	START TRANSACTION;
	INSERT INTO Movies (Title, Release_date, Age_restrict, Price) VALUES (pTitle, pRelease_date, pAge_rest, pPrice);
	SELECT Max(Id_movie) INTO @variable1 FROM Movies;
	
	IF (pGenre not in (select Genres.Genre_Name FROM Genres)) THEN
		INSERT INTO Genres (Genre_Name) VALUES (pGenre);
	END IF;
	
	SELECT (Id_genre) INTO @variable2 FROM Genres WHERE Genre_Name = pGenre;
	INSERT INTO `Movie_genres` (Id_movie,Id_genre) VALUES (@variable1, @variable2);
	
		IF (CONCAT(pDirector_name, pDirector_surname) not in (select CONCAT(Directors.Director_Name, Director_Surname) FROM Directors)) THEN
		INSERT INTO Directors (Director_Name, Director_Surname) VALUES (pDirector_name, pDirector_surname);
	END IF;
	
	SELECT (Id_director) INTO @variable3 from Directors WHERE Director_Name = pDirector_name AND Director_Surname = pDirector_surname;
	INSERT INTO `Movie_directors` (Id_movie, Id_director) VALUES (@variable1, @variable3);
	
		IF (pCountry not in (select Countries.Country_Name FROM Countries)) THEN
		INSERT INTO Countries (Country_Name) VALUES (pCountry);
	END IF;
	
	SELECT (Id_country) INTO @variable4 from Countries WHERE Country_name = pCountry;
	INSERT INTO `Movie_countries` VALUES (@variable1, @variable4);
	
		IF (pLanguage not in (select Languages.Language_Name FROM Languages)) THEN
		INSERT INTO Languages (Language_Name) VALUES (pLanguage);
	END IF;
	
	SELECT (Id_language) INTO @variable5 from Languages WHERE Language_Name = pLanguage;
	INSERT INTO `Movie_languages` VALUES (@variable1, @variable5);
	COMMIT;
END
;;
delimiter ;

-- ----------------------------
-- Procedure structure for Add_rent
-- ----------------------------
DROP PROCEDURE IF EXISTS `Add_rent`;
delimiter ;;
CREATE PROCEDURE `Add_rent`(pId_movie INT, pRent_date DATE, pId_user INT)
BEGIN
	
	INSERT INTO Rents (Id_movie, Rent_date, Id_user) VALUES (pId_movie, pRent_date, pId_user);

END
;;
delimiter ;

-- ----------------------------
-- Procedure structure for Add_user
-- ----------------------------
DROP PROCEDURE IF EXISTS `Add_user`;
delimiter ;;
CREATE PROCEDURE `Add_user`(pname VARCHAR(20), psurname VARCHAR(20), plogin VARCHAR(20), ppassword VARCHAR(20), pemail VARCHAR(20), pPhone_number VARCHAR(9), pbirth_date DATE, pRole Varchar(20))
BEGIN
    START TRANSACTION;

    INSERT INTO Users (`Name`, `Surname`, `Login`, `Password`, `E-mail`, `Phone`, `Birth_Date`) VALUES (pname, psurname, plogin, ppassword, pemail, CONCAT('+48', pPhone_number), pbirth_date);
		
		SELECT Max(Id_user) INTO @variable1 FROM Users;
		SELECT Roles.Id_role INTO @variable2 FROM Roles WHERE Roles.Role_Name = pRole;
		
		INSERT INTO `Users_roles` (Id_user, Id_role) VALUES (@variable1, @variable2);
		
    COMMIT;
END
;;
delimiter ;

-- ----------------------------
-- Procedure structure for Delete_movie
-- ----------------------------
DROP PROCEDURE IF EXISTS `Delete_movie`;
delimiter ;;
CREATE PROCEDURE `Delete_movie`(pid INT)
BEGIN
    START TRANSACTION;
        DELETE FROM Rents WHERE Rents.Id_movie = pid;
        DELETE FROM Movies WHERE Movies.Id_movie = pid;
    COMMIT;
END
;;
delimiter ;

-- ----------------------------
-- Procedure structure for Delete_User
-- ----------------------------
DROP PROCEDURE IF EXISTS `Delete_User`;
delimiter ;;
CREATE PROCEDURE `Delete_User`(pid INT)
BEGIN
    START TRANSACTION;
        DELETE FROM Rents WHERE Rents.Id_user = pid;
        DELETE FROM Users WHERE Users.Id_user = pid;
    COMMIT;
END
;;
delimiter ;

-- ----------------------------
-- Procedure structure for Invoice
-- ----------------------------
DROP PROCEDURE IF EXISTS `Invoice`;
delimiter ;;
CREATE PROCEDURE `Invoice`(psdate DATE, pedate DATE)
BEGIN

START TRANSACTION;

SET SESSION TRANSACTION ISOLATION LEVEL SERIALIZABLE;

	SELECT COUNT(*) AS Rents_number, ROUND(SUM(Movies.Price),2) AS Income FROM Rents INNER JOIN Movies ON Rents.Id_movie = Movies.Id_movie WHERE Rents.Rent_date >= psdate AND Rents.Rent_date < pedate; 

COMMIT;

END
;;
delimiter ;

-- ----------------------------
-- Procedure structure for Searching
-- ----------------------------
DROP PROCEDURE IF EXISTS `Searching`;
delimiter ;;
CREATE PROCEDURE `Searching`(`name1` TEXT)
BEGIN
	#Routine body goes here...
select match(Title) against (`name1`in boolean mode) i, Title, Price from Movies ORDER BY i desc;
END
;;
delimiter ;

-- ----------------------------
-- Procedure structure for Show_discussion
-- ----------------------------
DROP PROCEDURE IF EXISTS `Show_discussion`;
delimiter ;;
CREATE PROCEDURE `Show_discussion`(Konwersacja int)
BEGIN
    WITH recursive rec_comment AS (
    SELECT
        Comments.Comment Dyskusja, Comments.* 
    FROM
        Comments 
    WHERE
        Id_comment = Konwersacja UNION 
    SELECT
        concat(c1.Comment, '=>', c.Comment), c.*
    FROM
        Comments AS c,
        rec_comment AS c1 
WHERE
    c.Id_response = c1.Id_Comment)
    #cycle Id_comment RESTRICT
Select Dyskusja from rec_comment;

END
;;
delimiter ;

-- ----------------------------
-- Event structure for new_partition
-- ----------------------------
DROP EVENT IF EXISTS `new_partition`;
delimiter ;;
CREATE EVENT `new_partition`
ON SCHEDULE
EVERY '1' YEAR STARTS '2024-01-01 12:00:00'
ON COMPLETION PRESERVE
DO BEGIN
		
		SET @new_year = YEAR (
		now())+ 1;
	
SET @SQL = concat( 'alter table Rents REORGANIZE partition newest into (PARTITION p_', @new_year, 'values less than (', ( @new_year + 1 ), '), PARTITION newest values less than MAXVALUE);' );

PREPARE st1 from @sql;
execute st1;
DEALLOCATE prepare st1;

END
;;
delimiter ;

-- ----------------------------
-- Triggers structure for table Invoice_items
-- ----------------------------
DROP TRIGGER IF EXISTS `Invoice_item_price_netto`;
delimiter ;;
CREATE TRIGGER `Invoice_item_price_netto` BEFORE INSERT ON `Invoice_items` FOR EACH ROW BEGIN

SET NEW.Invoice_item_price_netto = (SELECT Movies.Price_netto FROM Movies natural join Rents where Id_rental = new.Id_rental);

END
;;
delimiter ;

-- ----------------------------
-- Triggers structure for table Invoice_items
-- ----------------------------
DROP TRIGGER IF EXISTS `Invoice_item_price_brutto`;
delimiter ;;
CREATE TRIGGER `Invoice_item_price_brutto` BEFORE INSERT ON `Invoice_items` FOR EACH ROW BEGIN 

SET NEW.Invoice_item_price_brutto = ROUND(new.Invoice_item_price_netto*1.23, 2); 

END
;;
delimiter ;

-- ----------------------------
-- Triggers structure for table Invoices
-- ----------------------------
DROP TRIGGER IF EXISTS `invoice_netto_insert`;
delimiter ;;
CREATE TRIGGER `invoice_netto_insert` BEFORE INSERT ON `Invoices` FOR EACH ROW BEGIN 

SET NEW.Cost_netto = (SELECT SUM(Movies.Price_netto) FROM Movies natural join Rents natural join Invoice_items where Invoice_items.Id_invoice = NEW.Id_invoice);

END
;;
delimiter ;

-- ----------------------------
-- Triggers structure for table Invoices
-- ----------------------------
DROP TRIGGER IF EXISTS `invoice_brutto_insert`;
delimiter ;;
CREATE TRIGGER `invoice_brutto_insert` BEFORE INSERT ON `Invoices` FOR EACH ROW BEGIN 

SET NEW.Cost_brutto = ROUND(NEW.Cost_netto * (new.tax +1));

END
;;
delimiter ;

-- ----------------------------
-- Triggers structure for table Movies
-- ----------------------------
DROP TRIGGER IF EXISTS `brutto_insert`;
delimiter ;;
CREATE TRIGGER `brutto_insert` BEFORE INSERT ON `Movies` FOR EACH ROW BEGIN

SET NEW.Price_brutto = ROUND(NEW.Price_netto*1.23, 2);

END
;;
delimiter ;

-- ----------------------------
-- Triggers structure for table Movies
-- ----------------------------
DROP TRIGGER IF EXISTS `brutto_update`;
delimiter ;;
CREATE TRIGGER `brutto_update` BEFORE UPDATE ON `Movies` FOR EACH ROW BEGIN

SET NEW.Price_brutto = ROUND(NEW.Price_netto *1.23, 2);

END
;;
delimiter ;

-- ----------------------------
-- Triggers structure for table Movies
-- ----------------------------
DROP TRIGGER IF EXISTS `delete_id_movies`;
delimiter ;;
CREATE TRIGGER `delete_id_movies` BEFORE DELETE ON `Movies` FOR EACH ROW BEGIN
   DECLARE ref INT;
	 SELECT COUNT(*) INTO ref FROM Rents WHERE Id_movie = OLD.Id_movie;
	 IF ref>0 THEN
		SIGNAL SQLSTATE '45000'
			SET MESSAGE_TEXT = 'Cannot delete user with foreign key references in other table';
   END IF;
END
;;
delimiter ;

-- ----------------------------
-- Triggers structure for table Rents
-- ----------------------------
DROP TRIGGER IF EXISTS `replace_fkey_user`;
delimiter ;;
CREATE TRIGGER `replace_fkey_user` BEFORE INSERT ON `Rents` FOR EACH ROW BEGIN
	IF new.Id_user NOT IN (SELECT Id_user FROM Users) THEN
		SIGNAL SQLSTATE '45000' SET MESSAGE_TEXT = 'Brak użytkownika o podanym Id_user w tabeli Users';
	END IF;
END
;;
delimiter ;

-- ----------------------------
-- Triggers structure for table Rents
-- ----------------------------
DROP TRIGGER IF EXISTS `replace_fkey_movie`;
delimiter ;;
CREATE TRIGGER `replace_fkey_movie` BEFORE INSERT ON `Rents` FOR EACH ROW BEGIN
	IF new.Id_movie NOT IN (SELECT Id_movie FROM Movies) THEN
		SIGNAL SQLSTATE '45000' SET MESSAGE_TEXT = 'Brak użytkownika o podanym Id_movie w tabeli Movies';
	END IF;
END
;;
delimiter ;

-- ----------------------------
-- Triggers structure for table Rents
-- ----------------------------
DROP TRIGGER IF EXISTS `Rent_expiration_insert`;
delimiter ;;
CREATE TRIGGER `Rent_expiration_insert` BEFORE INSERT ON `Rents` FOR EACH ROW BEGIN 

SET NEW.Rent_expiration = ADDDATE(new.Rent_date, 30);

END
;;
delimiter ;

-- ----------------------------
-- Triggers structure for table Rents
-- ----------------------------
DROP TRIGGER IF EXISTS `Rent_expiration`;
delimiter ;;
CREATE TRIGGER `Rent_expiration` BEFORE UPDATE ON `Rents` FOR EACH ROW BEGIN

SET NEW.Rent_expiration = ADDDATE(OLD.Rent_date,30);

END
;;
delimiter ;

-- ----------------------------
-- Triggers structure for table Users
-- ----------------------------
DROP TRIGGER IF EXISTS `haslo hasz`;
delimiter ;;
CREATE TRIGGER `haslo hasz` BEFORE INSERT ON `Users` FOR EACH ROW BEGIN
IF LENGTH(NEW.Password) <> 40  THEN
   SET NEW.Password = sha1(NEW.Password) ;
END IF;
END
;;
delimiter ;

-- ----------------------------
-- Triggers structure for table Users
-- ----------------------------
DROP TRIGGER IF EXISTS `login-tworzenie`;
delimiter ;;
CREATE TRIGGER `login-tworzenie` BEFORE INSERT ON `Users` FOR EACH ROW BEGIN
    IF LENGTH(NEW.login) > 0 THEN
        SET NEW.login = TRIM(NEW.login);
    ELSE
        SET NEW.login = NULL;
    END IF;
    IF NEW.Login IS NULL THEN
		SET NEW.Login = CONCAT(LOWER(SUBSTRING(NEW.Name, 1, 1)), LOWER(NEW.Surname));
		END IF;
END
;;
delimiter ;

-- ----------------------------
-- Triggers structure for table Users
-- ----------------------------
DROP TRIGGER IF EXISTS `hasz update`;
delimiter ;;
CREATE TRIGGER `hasz update` BEFORE UPDATE ON `Users` FOR EACH ROW BEGIN
IF LENGTH(NEW.Password) <> 40  THEN
   SET NEW.Password = sha1(NEW.Password) ;
END IF;
END
;;
delimiter ;

-- ----------------------------
-- Triggers structure for table Users
-- ----------------------------
DROP TRIGGER IF EXISTS `login-update`;
delimiter ;;
CREATE TRIGGER `login-update` BEFORE UPDATE ON `Users` FOR EACH ROW BEGIN
    IF LENGTH(NEW.login) > 0 THEN
        SET NEW.login = TRIM(NEW.login);
    ELSE
        SET NEW.login = NULL;
    END IF;
    IF NEW.Login IS NULL THEN
		SET NEW.Login = CONCAT(LOWER(SUBSTRING(NEW.Name, 1, 1)), LOWER(NEW.Surname));
		END IF;
END
;;
delimiter ;

-- ----------------------------
-- Triggers structure for table Users
-- ----------------------------
DROP TRIGGER IF EXISTS `delete_id_users`;
delimiter ;;
CREATE TRIGGER `delete_id_users` BEFORE DELETE ON `Users` FOR EACH ROW BEGIN
   DECLARE reff INT;
	 SELECT COUNT(*) INTO reff FROM Rents WHERE Id_user = OLD.Id_user;
	 IF reff>0 THEN
		SIGNAL SQLSTATE '45000'
			SET MESSAGE_TEXT = 'Cannot delete user with foreign key references in other table';
   END IF;
END
;;
delimiter ;

SET FOREIGN_KEY_CHECKS = 1;
